thread,m,n,p,shape,N,density,time
32, 100, 100, 100,1.000000, 1000000, 0.250000, 0.000677
32, 100, 100, 100,1.000000, 1000000, 0.250000, 0.001882
32, 100, 100, 100,1.000000, 1000000, 0.250000, 0.000560
32, 100, 100, 100,1.000000, 1000000, 0.250000, 0.005392
32, 100, 100, 100,1.000000, 1000000, 0.250000, 0.010603
32, 100, 100, 100,1.000000, 1000000, 0.250000, 0.000544
32, 100, 100, 100,1.000000, 1000000, 0.250000, 0.007584
32, 100, 100, 100,1.000000, 1000000, 0.250000, 0.000922
32, 100, 100, 100,1.000000, 1000000, 0.250000, 0.003458
32, 100, 100, 100,1.000000, 1000000, 0.250000, 0.004918
32, 100, 100, 100,1.000000, 1000000, 0.500000, 0.003941
32, 100, 100, 100,1.000000, 1000000, 0.500000, 0.009256
32, 100, 100, 100,1.000000, 1000000, 0.500000, 0.000911
32, 100, 100, 100,1.000000, 1000000, 0.500000, 0.000848
32, 100, 100, 100,1.000000, 1000000, 0.500000, 0.002047
32, 100, 100, 100,1.000000, 1000000, 0.500000, 0.002002
32, 100, 100, 100,1.000000, 1000000, 0.500000, 0.007647
32, 100, 100, 100,1.000000, 1000000, 0.500000, 0.005195
32, 100, 100, 100,1.000000, 1000000, 0.500000, 0.000706
32, 100, 100, 100,1.000000, 1000000, 0.500000, 0.002049
32, 100, 100, 100,1.000000, 1000000, 0.750000, 0.000584
32, 100, 100, 100,1.000000, 1000000, 0.750000, 0.003373
32, 100, 100, 100,1.000000, 1000000, 0.750000, 0.000945
32, 100, 100, 100,1.000000, 1000000, 0.750000, 0.005723
32, 100, 100, 100,1.000000, 1000000, 0.750000, 0.000607
32, 100, 100, 100,1.000000, 1000000, 0.750000, 0.000887
32, 100, 100, 100,1.000000, 1000000, 0.750000, 0.002321
32, 100, 100, 100,1.000000, 1000000, 0.750000, 0.001226
32, 100, 100, 100,1.000000, 1000000, 0.750000, 0.001063
32, 100, 100, 100,1.000000, 1000000, 0.750000, 0.000872
32, 100, 100, 100,1.000000, 1000000, 1.000000, 0.002565
32, 100, 100, 100,1.000000, 1000000, 1.000000, 0.001234
32, 100, 100, 100,1.000000, 1000000, 1.000000, 0.000879
32, 100, 100, 100,1.000000, 1000000, 1.000000, 0.000293
32, 100, 100, 100,1.000000, 1000000, 1.000000, 0.005459
32, 100, 100, 100,1.000000, 1000000, 1.000000, 0.005255
32, 100, 100, 100,1.000000, 1000000, 1.000000, 0.005433
32, 100, 100, 100,1.000000, 1000000, 1.000000, 0.000778
32, 100, 100, 100,1.000000, 1000000, 1.000000, 0.002672
32, 100, 100, 100,1.000000, 1000000, 1.000000, 0.002153
32, 100, 1000, 100,0.100000, 10000000, 0.250000, 0.004110
32, 100, 1000, 100,0.100000, 10000000, 0.250000, 0.005181
32, 100, 1000, 100,0.100000, 10000000, 0.250000, 0.008009
32, 100, 1000, 100,0.100000, 10000000, 0.250000, 0.005791
32, 100, 1000, 100,0.100000, 10000000, 0.250000, 0.001824
32, 100, 1000, 100,0.100000, 10000000, 0.250000, 0.002319
32, 100, 1000, 100,0.100000, 10000000, 0.250000, 0.004180
32, 100, 1000, 100,0.100000, 10000000, 0.250000, 0.001807
32, 100, 1000, 100,0.100000, 10000000, 0.250000, 0.005579
32, 100, 1000, 100,0.100000, 10000000, 0.250000, 0.001621
32, 100, 1000, 100,0.100000, 10000000, 0.500000, 0.001649
32, 100, 1000, 100,0.100000, 10000000, 0.500000, 0.002211
32, 100, 1000, 100,0.100000, 10000000, 0.500000, 0.001908
32, 100, 1000, 100,0.100000, 10000000, 0.500000, 0.002357
32, 100, 1000, 100,0.100000, 10000000, 0.500000, 0.001833
32, 100, 1000, 100,0.100000, 10000000, 0.500000, 0.007235
32, 100, 1000, 100,0.100000, 10000000, 0.500000, 0.001824
32, 100, 1000, 100,0.100000, 10000000, 0.500000, 0.002766
32, 100, 1000, 100,0.100000, 10000000, 0.500000, 0.001287
32, 100, 1000, 100,0.100000, 10000000, 0.500000, 0.001628
32, 100, 1000, 100,0.100000, 10000000, 0.750000, 0.001668
32, 100, 1000, 100,0.100000, 10000000, 0.750000, 0.002237
32, 100, 1000, 100,0.100000, 10000000, 0.750000, 0.001686
32, 100, 1000, 100,0.100000, 10000000, 0.750000, 0.002390
32, 100, 1000, 100,0.100000, 10000000, 0.750000, 0.002852
32, 100, 1000, 100,0.100000, 10000000, 0.750000, 0.008550
32, 100, 1000, 100,0.100000, 10000000, 0.750000, 0.001924
32, 100, 1000, 100,0.100000, 10000000, 0.750000, 0.002506
32, 100, 1000, 100,0.100000, 10000000, 0.750000, 0.005600
32, 100, 1000, 100,0.100000, 10000000, 0.750000, 0.006719
32, 100, 1000, 100,0.100000, 10000000, 1.000000, 0.002611
32, 100, 1000, 100,0.100000, 10000000, 1.000000, 0.002721
32, 100, 1000, 100,0.100000, 10000000, 1.000000, 0.001856
32, 100, 1000, 100,0.100000, 10000000, 1.000000, 0.002700
32, 100, 1000, 100,0.100000, 10000000, 1.000000, 0.013575
32, 100, 1000, 100,0.100000, 10000000, 1.000000, 0.002149
32, 100, 1000, 100,0.100000, 10000000, 1.000000, 0.001993
32, 100, 1000, 100,0.100000, 10000000, 1.000000, 0.004257
32, 100, 1000, 100,0.100000, 10000000, 1.000000, 0.001625
32, 100, 1000, 100,0.100000, 10000000, 1.000000, 0.002796
32, 100, 5000, 100,0.020000, 50000000, 0.250000, 0.006004
32, 100, 5000, 100,0.020000, 50000000, 0.250000, 0.005849
32, 100, 5000, 100,0.020000, 50000000, 0.250000, 0.009449
32, 100, 5000, 100,0.020000, 50000000, 0.250000, 0.005345
32, 100, 5000, 100,0.020000, 50000000, 0.250000, 0.005726
32, 100, 5000, 100,0.020000, 50000000, 0.250000, 0.005415
32, 100, 5000, 100,0.020000, 50000000, 0.250000, 0.015027
32, 100, 5000, 100,0.020000, 50000000, 0.250000, 0.004750
32, 100, 5000, 100,0.020000, 50000000, 0.250000, 0.010394
32, 100, 5000, 100,0.020000, 50000000, 0.250000, 0.005367
32, 100, 5000, 100,0.020000, 50000000, 0.500000, 0.010791
32, 100, 5000, 100,0.020000, 50000000, 0.500000, 0.008635
32, 100, 5000, 100,0.020000, 50000000, 0.500000, 0.008431
32, 100, 5000, 100,0.020000, 50000000, 0.500000, 0.005754
32, 100, 5000, 100,0.020000, 50000000, 0.500000, 0.011142
32, 100, 5000, 100,0.020000, 50000000, 0.500000, 0.009015
32, 100, 5000, 100,0.020000, 50000000, 0.500000, 0.005436
32, 100, 5000, 100,0.020000, 50000000, 0.500000, 0.013722
32, 100, 5000, 100,0.020000, 50000000, 0.500000, 0.005108
32, 100, 5000, 100,0.020000, 50000000, 0.500000, 0.005453
32, 100, 5000, 100,0.020000, 50000000, 0.750000, 0.005920
32, 100, 5000, 100,0.020000, 50000000, 0.750000, 0.008773
32, 100, 5000, 100,0.020000, 50000000, 0.750000, 0.014917
32, 100, 5000, 100,0.020000, 50000000, 0.750000, 0.005368
32, 100, 5000, 100,0.020000, 50000000, 0.750000, 0.005227
32, 100, 5000, 100,0.020000, 50000000, 0.750000, 0.005811
32, 100, 5000, 100,0.020000, 50000000, 0.750000, 0.014100
32, 100, 5000, 100,0.020000, 50000000, 0.750000, 0.009502
32, 100, 5000, 100,0.020000, 50000000, 0.750000, 0.008346
32, 100, 5000, 100,0.020000, 50000000, 0.750000, 0.009229
32, 100, 5000, 100,0.020000, 50000000, 1.000000, 0.019622
32, 100, 5000, 100,0.020000, 50000000, 1.000000, 0.009711
32, 100, 5000, 100,0.020000, 50000000, 1.000000, 0.005300
32, 100, 5000, 100,0.020000, 50000000, 1.000000, 0.009363
32, 100, 5000, 100,0.020000, 50000000, 1.000000, 0.008277
32, 100, 5000, 100,0.020000, 50000000, 1.000000, 0.008819
32, 100, 5000, 100,0.020000, 50000000, 1.000000, 0.010060
32, 100, 5000, 100,0.020000, 50000000, 1.000000, 0.005544
32, 100, 5000, 100,0.020000, 50000000, 1.000000, 0.005745
32, 100, 5000, 100,0.020000, 50000000, 1.000000, 0.005876
32, 400, 100, 400,4.000000, 16000000, 0.250000, 0.001073
32, 400, 100, 400,4.000000, 16000000, 0.250000, 0.001227
32, 400, 100, 400,4.000000, 16000000, 0.250000, 0.003700
32, 400, 100, 400,4.000000, 16000000, 0.250000, 0.009739
32, 400, 100, 400,4.000000, 16000000, 0.250000, 0.005449
32, 400, 100, 400,4.000000, 16000000, 0.250000, 0.002131
32, 400, 100, 400,4.000000, 16000000, 0.250000, 0.002071
32, 400, 100, 400,4.000000, 16000000, 0.250000, 0.001957
32, 400, 100, 400,4.000000, 16000000, 0.250000, 0.002411
32, 400, 100, 400,4.000000, 16000000, 0.250000, 0.000870
32, 400, 100, 400,4.000000, 16000000, 0.500000, 0.002309
32, 400, 100, 400,4.000000, 16000000, 0.500000, 0.000870
32, 400, 100, 400,4.000000, 16000000, 0.500000, 0.003625
32, 400, 100, 400,4.000000, 16000000, 0.500000, 0.009025
32, 400, 100, 400,4.000000, 16000000, 0.500000, 0.003558
32, 400, 100, 400,4.000000, 16000000, 0.500000, 0.002126
32, 400, 100, 400,4.000000, 16000000, 0.500000, 0.001552
32, 400, 100, 400,4.000000, 16000000, 0.500000, 0.001984
32, 400, 100, 400,4.000000, 16000000, 0.500000, 0.000872
32, 400, 100, 400,4.000000, 16000000, 0.500000, 0.005646
32, 400, 100, 400,4.000000, 16000000, 0.750000, 0.000882
32, 400, 100, 400,4.000000, 16000000, 0.750000, 0.005124
32, 400, 100, 400,4.000000, 16000000, 0.750000, 0.001172
32, 400, 100, 400,4.000000, 16000000, 0.750000, 0.005568
32, 400, 100, 400,4.000000, 16000000, 0.750000, 0.000863
32, 400, 100, 400,4.000000, 16000000, 0.750000, 0.003577
32, 400, 100, 400,4.000000, 16000000, 0.750000, 0.000879
32, 400, 100, 400,4.000000, 16000000, 0.750000, 0.000855
32, 400, 100, 400,4.000000, 16000000, 0.750000, 0.003559
32, 400, 100, 400,4.000000, 16000000, 0.750000, 0.001232
32, 400, 100, 400,4.000000, 16000000, 1.000000, 0.001940
32, 400, 100, 400,4.000000, 16000000, 1.000000, 0.001232
32, 400, 100, 400,4.000000, 16000000, 1.000000, 0.001084
32, 400, 100, 400,4.000000, 16000000, 1.000000, 0.000877
32, 400, 100, 400,4.000000, 16000000, 1.000000, 0.000837
32, 400, 100, 400,4.000000, 16000000, 1.000000, 0.006204
32, 400, 100, 400,4.000000, 16000000, 1.000000, 0.008821
32, 400, 100, 400,4.000000, 16000000, 1.000000, 0.001045
32, 400, 100, 400,4.000000, 16000000, 1.000000, 0.000570
32, 400, 100, 400,4.000000, 16000000, 1.000000, 0.001268
32, 400, 1000, 400,0.400000, 160000000, 0.250000, 0.005091
32, 400, 1000, 400,0.400000, 160000000, 0.250000, 0.003465
32, 400, 1000, 400,0.400000, 160000000, 0.250000, 0.009744
32, 400, 1000, 400,0.400000, 160000000, 0.250000, 0.013377
32, 400, 1000, 400,0.400000, 160000000, 0.250000, 0.008300
32, 400, 1000, 400,0.400000, 160000000, 0.250000, 0.004853
32, 400, 1000, 400,0.400000, 160000000, 0.250000, 0.013712
32, 400, 1000, 400,0.400000, 160000000, 0.250000, 0.005945
32, 400, 1000, 400,0.400000, 160000000, 0.250000, 0.009285
32, 400, 1000, 400,0.400000, 160000000, 0.250000, 0.004354
32, 400, 1000, 400,0.400000, 160000000, 0.500000, 0.004118
32, 400, 1000, 400,0.400000, 160000000, 0.500000, 0.004767
32, 400, 1000, 400,0.400000, 160000000, 0.500000, 0.003937
32, 400, 1000, 400,0.400000, 160000000, 0.500000, 0.008446
32, 400, 1000, 400,0.400000, 160000000, 0.500000, 0.004733
32, 400, 1000, 400,0.400000, 160000000, 0.500000, 0.004365
32, 400, 1000, 400,0.400000, 160000000, 0.500000, 0.009685
32, 400, 1000, 400,0.400000, 160000000, 0.500000, 0.011100
32, 400, 1000, 400,0.400000, 160000000, 0.500000, 0.004491
32, 400, 1000, 400,0.400000, 160000000, 0.500000, 0.005954
32, 400, 1000, 400,0.400000, 160000000, 0.750000, 0.011358
32, 400, 1000, 400,0.400000, 160000000, 0.750000, 0.011351
32, 400, 1000, 400,0.400000, 160000000, 0.750000, 0.006240
32, 400, 1000, 400,0.400000, 160000000, 0.750000, 0.012627
32, 400, 1000, 400,0.400000, 160000000, 0.750000, 0.010018
32, 400, 1000, 400,0.400000, 160000000, 0.750000, 0.011037
32, 400, 1000, 400,0.400000, 160000000, 0.750000, 0.009946
32, 400, 1000, 400,0.400000, 160000000, 0.750000, 0.007976
32, 400, 1000, 400,0.400000, 160000000, 0.750000, 0.005844
32, 400, 1000, 400,0.400000, 160000000, 0.750000, 0.011338
32, 400, 1000, 400,0.400000, 160000000, 1.000000, 0.004450
32, 400, 1000, 400,0.400000, 160000000, 1.000000, 0.004389
32, 400, 1000, 400,0.400000, 160000000, 1.000000, 0.014813
32, 400, 1000, 400,0.400000, 160000000, 1.000000, 0.009850
32, 400, 1000, 400,0.400000, 160000000, 1.000000, 0.004003
32, 400, 1000, 400,0.400000, 160000000, 1.000000, 0.015060
32, 400, 1000, 400,0.400000, 160000000, 1.000000, 0.010426
32, 400, 1000, 400,0.400000, 160000000, 1.000000, 0.007353
32, 400, 1000, 400,0.400000, 160000000, 1.000000, 0.003487
32, 400, 1000, 400,0.400000, 160000000, 1.000000, 0.004359
32, 400, 5000, 400,0.080000, 800000000, 0.250000, 0.015080
32, 400, 5000, 400,0.080000, 800000000, 0.250000, 0.013614
32, 400, 5000, 400,0.080000, 800000000, 0.250000, 0.012995
32, 400, 5000, 400,0.080000, 800000000, 0.250000, 0.015167
32, 400, 5000, 400,0.080000, 800000000, 0.250000, 0.017684
32, 400, 5000, 400,0.080000, 800000000, 0.250000, 0.017525
32, 400, 5000, 400,0.080000, 800000000, 0.250000, 0.017535
32, 400, 5000, 400,0.080000, 800000000, 0.250000, 0.016151
32, 400, 5000, 400,0.080000, 800000000, 0.250000, 0.032142
32, 400, 5000, 400,0.080000, 800000000, 0.250000, 0.026532
32, 400, 5000, 400,0.080000, 800000000, 0.500000, 0.014218
32, 400, 5000, 400,0.080000, 800000000, 0.500000, 0.022765
32, 400, 5000, 400,0.080000, 800000000, 0.500000, 0.023311
32, 400, 5000, 400,0.080000, 800000000, 0.500000, 0.011898
32, 400, 5000, 400,0.080000, 800000000, 0.500000, 0.028522
32, 400, 5000, 400,0.080000, 800000000, 0.500000, 0.031935
32, 400, 5000, 400,0.080000, 800000000, 0.500000, 0.013427
32, 400, 5000, 400,0.080000, 800000000, 0.500000, 0.014505
32, 400, 5000, 400,0.080000, 800000000, 0.500000, 0.023316
32, 400, 5000, 400,0.080000, 800000000, 0.500000, 0.016433
32, 400, 5000, 400,0.080000, 800000000, 0.750000, 0.021867
32, 400, 5000, 400,0.080000, 800000000, 0.750000, 0.013700
32, 400, 5000, 400,0.080000, 800000000, 0.750000, 0.015382
32, 400, 5000, 400,0.080000, 800000000, 0.750000, 0.024278
32, 400, 5000, 400,0.080000, 800000000, 0.750000, 0.013774
32, 400, 5000, 400,0.080000, 800000000, 0.750000, 0.021514
32, 400, 5000, 400,0.080000, 800000000, 0.750000, 0.015726
32, 400, 5000, 400,0.080000, 800000000, 0.750000, 0.017329
32, 400, 5000, 400,0.080000, 800000000, 0.750000, 0.012377
32, 400, 5000, 400,0.080000, 800000000, 0.750000, 0.017083
32, 400, 5000, 400,0.080000, 800000000, 1.000000, 0.014345
32, 400, 5000, 400,0.080000, 800000000, 1.000000, 0.013735
32, 400, 5000, 400,0.080000, 800000000, 1.000000, 0.021716
32, 400, 5000, 400,0.080000, 800000000, 1.000000, 0.019108
32, 400, 5000, 400,0.080000, 800000000, 1.000000, 0.013598
32, 400, 5000, 400,0.080000, 800000000, 1.000000, 0.019296
32, 400, 5000, 400,0.080000, 800000000, 1.000000, 0.017297
32, 400, 5000, 400,0.080000, 800000000, 1.000000, 0.012359
32, 400, 5000, 400,0.080000, 800000000, 1.000000, 0.026877
32, 400, 5000, 400,0.080000, 800000000, 1.000000, 0.028016
32, 800, 100, 800,8.000000, 64000000, 0.250000, 0.002562
32, 800, 100, 800,8.000000, 64000000, 0.250000, 0.005708
32, 800, 100, 800,8.000000, 64000000, 0.250000, 0.013269
32, 800, 100, 800,8.000000, 64000000, 0.250000, 0.001836
32, 800, 100, 800,8.000000, 64000000, 0.250000, 0.002490
32, 800, 100, 800,8.000000, 64000000, 0.250000, 0.008763
32, 800, 100, 800,8.000000, 64000000, 0.250000, 0.002088
32, 800, 100, 800,8.000000, 64000000, 0.250000, 0.001748
32, 800, 100, 800,8.000000, 64000000, 0.250000, 0.002769
32, 800, 100, 800,8.000000, 64000000, 0.250000, 0.004512
32, 800, 100, 800,8.000000, 64000000, 0.500000, 0.002740
32, 800, 100, 800,8.000000, 64000000, 0.500000, 0.001920
32, 800, 100, 800,8.000000, 64000000, 0.500000, 0.002661
32, 800, 100, 800,8.000000, 64000000, 0.500000, 0.004364
32, 800, 100, 800,8.000000, 64000000, 0.500000, 0.010313
32, 800, 100, 800,8.000000, 64000000, 0.500000, 0.008838
32, 800, 100, 800,8.000000, 64000000, 0.500000, 0.005365
32, 800, 100, 800,8.000000, 64000000, 0.500000, 0.003437
32, 800, 100, 800,8.000000, 64000000, 0.500000, 0.004822
32, 800, 100, 800,8.000000, 64000000, 0.500000, 0.001853
32, 800, 100, 800,8.000000, 64000000, 0.750000, 0.001711
32, 800, 100, 800,8.000000, 64000000, 0.750000, 0.008445
32, 800, 100, 800,8.000000, 64000000, 0.750000, 0.002640
32, 800, 100, 800,8.000000, 64000000, 0.750000, 0.001656
32, 800, 100, 800,8.000000, 64000000, 0.750000, 0.002445
32, 800, 100, 800,8.000000, 64000000, 0.750000, 0.003552
32, 800, 100, 800,8.000000, 64000000, 0.750000, 0.001744
32, 800, 100, 800,8.000000, 64000000, 0.750000, 0.001764
32, 800, 100, 800,8.000000, 64000000, 0.750000, 0.008968
32, 800, 100, 800,8.000000, 64000000, 0.750000, 0.009290
32, 800, 100, 800,8.000000, 64000000, 1.000000, 0.001824
32, 800, 100, 800,8.000000, 64000000, 1.000000, 0.002253
32, 800, 100, 800,8.000000, 64000000, 1.000000, 0.001853
32, 800, 100, 800,8.000000, 64000000, 1.000000, 0.001752
32, 800, 100, 800,8.000000, 64000000, 1.000000, 0.003870
32, 800, 100, 800,8.000000, 64000000, 1.000000, 0.012559
32, 800, 100, 800,8.000000, 64000000, 1.000000, 0.006031
32, 800, 100, 800,8.000000, 64000000, 1.000000, 0.003061
32, 800, 100, 800,8.000000, 64000000, 1.000000, 0.005232
32, 800, 100, 800,8.000000, 64000000, 1.000000, 0.002885
32, 800, 1000, 800,0.800000, 640000000, 0.250000, 0.010426
32, 800, 1000, 800,0.800000, 640000000, 0.250000, 0.013740
32, 800, 1000, 800,0.800000, 640000000, 0.250000, 0.011714
32, 800, 1000, 800,0.800000, 640000000, 0.250000, 0.012412
32, 800, 1000, 800,0.800000, 640000000, 0.250000, 0.015097
32, 800, 1000, 800,0.800000, 640000000, 0.250000, 0.011998
32, 800, 1000, 800,0.800000, 640000000, 0.250000, 0.016238
32, 800, 1000, 800,0.800000, 640000000, 0.250000, 0.011827
32, 800, 1000, 800,0.800000, 640000000, 0.250000, 0.013036
32, 800, 1000, 800,0.800000, 640000000, 0.250000, 0.011364
32, 800, 1000, 800,0.800000, 640000000, 0.500000, 0.012437
32, 800, 1000, 800,0.800000, 640000000, 0.500000, 0.012424
32, 800, 1000, 800,0.800000, 640000000, 0.500000, 0.022985
32, 800, 1000, 800,0.800000, 640000000, 0.500000, 0.010136
32, 800, 1000, 800,0.800000, 640000000, 0.500000, 0.012429
32, 800, 1000, 800,0.800000, 640000000, 0.500000, 0.015333
32, 800, 1000, 800,0.800000, 640000000, 0.500000, 0.013774
32, 800, 1000, 800,0.800000, 640000000, 0.500000, 0.010074
32, 800, 1000, 800,0.800000, 640000000, 0.500000, 0.012435
32, 800, 1000, 800,0.800000, 640000000, 0.500000, 0.013795
32, 800, 1000, 800,0.800000, 640000000, 0.750000, 0.017101
32, 800, 1000, 800,0.800000, 640000000, 0.750000, 0.012108
32, 800, 1000, 800,0.800000, 640000000, 0.750000, 0.021449
32, 800, 1000, 800,0.800000, 640000000, 0.750000, 0.013856
32, 800, 1000, 800,0.800000, 640000000, 0.750000, 0.011818
32, 800, 1000, 800,0.800000, 640000000, 0.750000, 0.015427
32, 800, 1000, 800,0.800000, 640000000, 0.750000, 0.014603
32, 800, 1000, 800,0.800000, 640000000, 0.750000, 0.010124
32, 800, 1000, 800,0.800000, 640000000, 0.750000, 0.016001
32, 800, 1000, 800,0.800000, 640000000, 0.750000, 0.014607
32, 800, 1000, 800,0.800000, 640000000, 1.000000, 0.018860
32, 800, 1000, 800,0.800000, 640000000, 1.000000, 0.019851
32, 800, 1000, 800,0.800000, 640000000, 1.000000, 0.012853
32, 800, 1000, 800,0.800000, 640000000, 1.000000, 0.015758
32, 800, 1000, 800,0.800000, 640000000, 1.000000, 0.012089
32, 800, 1000, 800,0.800000, 640000000, 1.000000, 0.009951
32, 800, 1000, 800,0.800000, 640000000, 1.000000, 0.011802
32, 800, 1000, 800,0.800000, 640000000, 1.000000, 0.011654
32, 800, 1000, 800,0.800000, 640000000, 1.000000, 0.012594
32, 800, 1000, 800,0.800000, 640000000, 1.000000, 0.014130
32, 800, 5000, 800,0.160000, 3200000000, 0.250000, 0.039941
32, 800, 5000, 800,0.160000, 3200000000, 0.250000, 0.035468
32, 800, 5000, 800,0.160000, 3200000000, 0.250000, 0.039749
32, 800, 5000, 800,0.160000, 3200000000, 0.250000, 0.035626
32, 800, 5000, 800,0.160000, 3200000000, 0.250000, 0.036924
32, 800, 5000, 800,0.160000, 3200000000, 0.250000, 0.036015
32, 800, 5000, 800,0.160000, 3200000000, 0.250000, 0.035221
32, 800, 5000, 800,0.160000, 3200000000, 0.250000, 0.037993
32, 800, 5000, 800,0.160000, 3200000000, 0.250000, 0.037172
32, 800, 5000, 800,0.160000, 3200000000, 0.250000, 0.035288
32, 800, 5000, 800,0.160000, 3200000000, 0.500000, 0.037382
32, 800, 5000, 800,0.160000, 3200000000, 0.500000, 0.040093
32, 800, 5000, 800,0.160000, 3200000000, 0.500000, 0.036460
32, 800, 5000, 800,0.160000, 3200000000, 0.500000, 0.036658
32, 800, 5000, 800,0.160000, 3200000000, 0.500000, 0.038653
32, 800, 5000, 800,0.160000, 3200000000, 0.500000, 0.044713
32, 800, 5000, 800,0.160000, 3200000000, 0.500000, 0.035675
32, 800, 5000, 800,0.160000, 3200000000, 0.500000, 0.038405
32, 800, 5000, 800,0.160000, 3200000000, 0.500000, 0.036966
32, 800, 5000, 800,0.160000, 3200000000, 0.500000, 0.039104
32, 800, 5000, 800,0.160000, 3200000000, 0.750000, 0.038885
32, 800, 5000, 800,0.160000, 3200000000, 0.750000, 0.035251
32, 800, 5000, 800,0.160000, 3200000000, 0.750000, 0.038726
32, 800, 5000, 800,0.160000, 3200000000, 0.750000, 0.036422
32, 800, 5000, 800,0.160000, 3200000000, 0.750000, 0.036966
32, 800, 5000, 800,0.160000, 3200000000, 0.750000, 0.037653
32, 800, 5000, 800,0.160000, 3200000000, 0.750000, 0.037008
32, 800, 5000, 800,0.160000, 3200000000, 0.750000, 0.036831
32, 800, 5000, 800,0.160000, 3200000000, 0.750000, 0.035238
32, 800, 5000, 800,0.160000, 3200000000, 0.750000, 0.035496
32, 800, 5000, 800,0.160000, 3200000000, 1.000000, 0.037249
32, 800, 5000, 800,0.160000, 3200000000, 1.000000, 0.037334
32, 800, 5000, 800,0.160000, 3200000000, 1.000000, 0.037693
32, 800, 5000, 800,0.160000, 3200000000, 1.000000, 0.037011
32, 800, 5000, 800,0.160000, 3200000000, 1.000000, 0.037247
32, 800, 5000, 800,0.160000, 3200000000, 1.000000, 0.040184
32, 800, 5000, 800,0.160000, 3200000000, 1.000000, 0.035986
32, 800, 5000, 800,0.160000, 3200000000, 1.000000, 0.036245
32, 800, 5000, 800,0.160000, 3200000000, 1.000000, 0.037429
32, 800, 5000, 800,0.160000, 3200000000, 1.000000, 0.038892
32, 1000, 100, 1000,10.000000, 100000000, 0.250000, 0.002692
32, 1000, 100, 1000,10.000000, 100000000, 0.250000, 0.002677
32, 1000, 100, 1000,10.000000, 100000000, 0.250000, 0.007378
32, 1000, 100, 1000,10.000000, 100000000, 0.250000, 0.003091
32, 1000, 100, 1000,10.000000, 100000000, 0.250000, 0.012202
32, 1000, 100, 1000,10.000000, 100000000, 0.250000, 0.007643
32, 1000, 100, 1000,10.000000, 100000000, 0.250000, 0.005789
32, 1000, 100, 1000,10.000000, 100000000, 0.250000, 0.002839
32, 1000, 100, 1000,10.000000, 100000000, 0.250000, 0.003199
32, 1000, 100, 1000,10.000000, 100000000, 0.250000, 0.003255
32, 1000, 100, 1000,10.000000, 100000000, 0.500000, 0.007424
32, 1000, 100, 1000,10.000000, 100000000, 0.500000, 0.002371
32, 1000, 100, 1000,10.000000, 100000000, 0.500000, 0.002223
32, 1000, 100, 1000,10.000000, 100000000, 0.500000, 0.003111
32, 1000, 100, 1000,10.000000, 100000000, 0.500000, 0.009012
32, 1000, 100, 1000,10.000000, 100000000, 0.500000, 0.004334
32, 1000, 100, 1000,10.000000, 100000000, 0.500000, 0.005490
32, 1000, 100, 1000,10.000000, 100000000, 0.500000, 0.011195
32, 1000, 100, 1000,10.000000, 100000000, 0.500000, 0.010986
32, 1000, 100, 1000,10.000000, 100000000, 0.500000, 0.003174
32, 1000, 100, 1000,10.000000, 100000000, 0.750000, 0.005612
32, 1000, 100, 1000,10.000000, 100000000, 0.750000, 0.004625
32, 1000, 100, 1000,10.000000, 100000000, 0.750000, 0.003000
32, 1000, 100, 1000,10.000000, 100000000, 0.750000, 0.005613
32, 1000, 100, 1000,10.000000, 100000000, 0.750000, 0.005430
32, 1000, 100, 1000,10.000000, 100000000, 0.750000, 0.002774
32, 1000, 100, 1000,10.000000, 100000000, 0.750000, 0.008646
32, 1000, 100, 1000,10.000000, 100000000, 0.750000, 0.002605
32, 1000, 100, 1000,10.000000, 100000000, 0.750000, 0.003093
32, 1000, 100, 1000,10.000000, 100000000, 0.750000, 0.002538
32, 1000, 100, 1000,10.000000, 100000000, 1.000000, 0.003011
32, 1000, 100, 1000,10.000000, 100000000, 1.000000, 0.002200
32, 1000, 100, 1000,10.000000, 100000000, 1.000000, 0.002698
32, 1000, 100, 1000,10.000000, 100000000, 1.000000, 0.002240
32, 1000, 100, 1000,10.000000, 100000000, 1.000000, 0.002664
32, 1000, 100, 1000,10.000000, 100000000, 1.000000, 0.002203
32, 1000, 100, 1000,10.000000, 100000000, 1.000000, 0.002219
32, 1000, 100, 1000,10.000000, 100000000, 1.000000, 0.002778
32, 1000, 100, 1000,10.000000, 100000000, 1.000000, 0.010163
32, 1000, 100, 1000,10.000000, 100000000, 1.000000, 0.002220
32, 1000, 1000, 1000,1.000000, 1000000000, 0.250000, 0.013557
32, 1000, 1000, 1000,1.000000, 1000000000, 0.250000, 0.013452
32, 1000, 1000, 1000,1.000000, 1000000000, 0.250000, 0.012031
32, 1000, 1000, 1000,1.000000, 1000000000, 0.250000, 0.013609
32, 1000, 1000, 1000,1.000000, 1000000000, 0.250000, 0.015251
32, 1000, 1000, 1000,1.000000, 1000000000, 0.250000, 0.014102
32, 1000, 1000, 1000,1.000000, 1000000000, 0.250000, 0.023503
32, 1000, 1000, 1000,1.000000, 1000000000, 0.250000, 0.014167
32, 1000, 1000, 1000,1.000000, 1000000000, 0.250000, 0.013732
32, 1000, 1000, 1000,1.000000, 1000000000, 0.250000, 0.020607
32, 1000, 1000, 1000,1.000000, 1000000000, 0.500000, 0.015147
32, 1000, 1000, 1000,1.000000, 1000000000, 0.500000, 0.014138
32, 1000, 1000, 1000,1.000000, 1000000000, 0.500000, 0.013774
32, 1000, 1000, 1000,1.000000, 1000000000, 0.500000, 0.017996
32, 1000, 1000, 1000,1.000000, 1000000000, 0.500000, 0.012249
32, 1000, 1000, 1000,1.000000, 1000000000, 0.500000, 0.013677
32, 1000, 1000, 1000,1.000000, 1000000000, 0.500000, 0.013752
32, 1000, 1000, 1000,1.000000, 1000000000, 0.500000, 0.011996
32, 1000, 1000, 1000,1.000000, 1000000000, 0.500000, 0.014919
32, 1000, 1000, 1000,1.000000, 1000000000, 0.500000, 0.015449
32, 1000, 1000, 1000,1.000000, 1000000000, 0.750000, 0.013886
32, 1000, 1000, 1000,1.000000, 1000000000, 0.750000, 0.013648
32, 1000, 1000, 1000,1.000000, 1000000000, 0.750000, 0.013731
32, 1000, 1000, 1000,1.000000, 1000000000, 0.750000, 0.013911
32, 1000, 1000, 1000,1.000000, 1000000000, 0.750000, 0.015056
32, 1000, 1000, 1000,1.000000, 1000000000, 0.750000, 0.011851
32, 1000, 1000, 1000,1.000000, 1000000000, 0.750000, 0.016183
32, 1000, 1000, 1000,1.000000, 1000000000, 0.750000, 0.013342
32, 1000, 1000, 1000,1.000000, 1000000000, 0.750000, 0.012372
32, 1000, 1000, 1000,1.000000, 1000000000, 0.750000, 0.015709
32, 1000, 1000, 1000,1.000000, 1000000000, 1.000000, 0.015735
32, 1000, 1000, 1000,1.000000, 1000000000, 1.000000, 0.015517
32, 1000, 1000, 1000,1.000000, 1000000000, 1.000000, 0.013726
32, 1000, 1000, 1000,1.000000, 1000000000, 1.000000, 0.015814
32, 1000, 1000, 1000,1.000000, 1000000000, 1.000000, 0.015183
32, 1000, 1000, 1000,1.000000, 1000000000, 1.000000, 0.015588
32, 1000, 1000, 1000,1.000000, 1000000000, 1.000000, 0.013333
32, 1000, 1000, 1000,1.000000, 1000000000, 1.000000, 0.015980
32, 1000, 1000, 1000,1.000000, 1000000000, 1.000000, 0.013695
32, 1000, 1000, 1000,1.000000, 1000000000, 1.000000, 0.011730
32, 1000, 5000, 1000,0.200000, 5000000000, 0.250000, 0.048475
32, 1000, 5000, 1000,0.200000, 5000000000, 0.250000, 0.052627
32, 1000, 5000, 1000,0.200000, 5000000000, 0.250000, 0.047017
32, 1000, 5000, 1000,0.200000, 5000000000, 0.250000, 0.054897
32, 1000, 5000, 1000,0.200000, 5000000000, 0.250000, 0.046030
32, 1000, 5000, 1000,0.200000, 5000000000, 0.250000, 0.045376
32, 1000, 5000, 1000,0.200000, 5000000000, 0.250000, 0.044223
32, 1000, 5000, 1000,0.200000, 5000000000, 0.250000, 0.043787
32, 1000, 5000, 1000,0.200000, 5000000000, 0.250000, 0.047526
32, 1000, 5000, 1000,0.200000, 5000000000, 0.250000, 0.043790
32, 1000, 5000, 1000,0.200000, 5000000000, 0.500000, 0.048868
32, 1000, 5000, 1000,0.200000, 5000000000, 0.500000, 0.044889
32, 1000, 5000, 1000,0.200000, 5000000000, 0.500000, 0.044039
32, 1000, 5000, 1000,0.200000, 5000000000, 0.500000, 0.043925
32, 1000, 5000, 1000,0.200000, 5000000000, 0.500000, 0.047008
32, 1000, 5000, 1000,0.200000, 5000000000, 0.500000, 0.055738
32, 1000, 5000, 1000,0.200000, 5000000000, 0.500000, 0.043368
32, 1000, 5000, 1000,0.200000, 5000000000, 0.500000, 0.046088
32, 1000, 5000, 1000,0.200000, 5000000000, 0.500000, 0.043938
32, 1000, 5000, 1000,0.200000, 5000000000, 0.500000, 0.044534
32, 1000, 5000, 1000,0.200000, 5000000000, 0.750000, 0.046702
32, 1000, 5000, 1000,0.200000, 5000000000, 0.750000, 0.045487
32, 1000, 5000, 1000,0.200000, 5000000000, 0.750000, 0.043995
32, 1000, 5000, 1000,0.200000, 5000000000, 0.750000, 0.049279
32, 1000, 5000, 1000,0.200000, 5000000000, 0.750000, 0.044180
32, 1000, 5000, 1000,0.200000, 5000000000, 0.750000, 0.044257
32, 1000, 5000, 1000,0.200000, 5000000000, 0.750000, 0.045955
32, 1000, 5000, 1000,0.200000, 5000000000, 0.750000, 0.045440
32, 1000, 5000, 1000,0.200000, 5000000000, 0.750000, 0.055005
32, 1000, 5000, 1000,0.200000, 5000000000, 0.750000, 0.046797
32, 1000, 5000, 1000,0.200000, 5000000000, 1.000000, 0.046388
32, 1000, 5000, 1000,0.200000, 5000000000, 1.000000, 0.045596
32, 1000, 5000, 1000,0.200000, 5000000000, 1.000000, 0.046035
32, 1000, 5000, 1000,0.200000, 5000000000, 1.000000, 0.046009
32, 1000, 5000, 1000,0.200000, 5000000000, 1.000000, 0.045644
32, 1000, 5000, 1000,0.200000, 5000000000, 1.000000, 0.044627
32, 1000, 5000, 1000,0.200000, 5000000000, 1.000000, 0.044017
32, 1000, 5000, 1000,0.200000, 5000000000, 1.000000, 0.050460
32, 1000, 5000, 1000,0.200000, 5000000000, 1.000000, 0.048819
32, 1000, 5000, 1000,0.200000, 5000000000, 1.000000, 0.044059
32, 2000, 100, 2000,20.000000, 400000000, 0.250000, 0.006662
32, 2000, 100, 2000,20.000000, 400000000, 0.250000, 0.007077
32, 2000, 100, 2000,20.000000, 400000000, 0.250000, 0.017985
32, 2000, 100, 2000,20.000000, 400000000, 0.250000, 0.011427
32, 2000, 100, 2000,20.000000, 400000000, 0.250000, 0.018428
32, 2000, 100, 2000,20.000000, 400000000, 0.250000, 0.006459
32, 2000, 100, 2000,20.000000, 400000000, 0.250000, 0.016651
32, 2000, 100, 2000,20.000000, 400000000, 0.250000, 0.006420
32, 2000, 100, 2000,20.000000, 400000000, 0.250000, 0.015281
32, 2000, 100, 2000,20.000000, 400000000, 0.250000, 0.006664
32, 2000, 100, 2000,20.000000, 400000000, 0.500000, 0.007210
32, 2000, 100, 2000,20.000000, 400000000, 0.500000, 0.007821
32, 2000, 100, 2000,20.000000, 400000000, 0.500000, 0.006529
32, 2000, 100, 2000,20.000000, 400000000, 0.500000, 0.007001
32, 2000, 100, 2000,20.000000, 400000000, 0.500000, 0.006525
32, 2000, 100, 2000,20.000000, 400000000, 0.500000, 0.015728
32, 2000, 100, 2000,20.000000, 400000000, 0.500000, 0.006260
32, 2000, 100, 2000,20.000000, 400000000, 0.500000, 0.006697
32, 2000, 100, 2000,20.000000, 400000000, 0.500000, 0.012128
32, 2000, 100, 2000,20.000000, 400000000, 0.500000, 0.007035
32, 2000, 100, 2000,20.000000, 400000000, 0.750000, 0.008311
32, 2000, 100, 2000,20.000000, 400000000, 0.750000, 0.006242
32, 2000, 100, 2000,20.000000, 400000000, 0.750000, 0.012219
32, 2000, 100, 2000,20.000000, 400000000, 0.750000, 0.011765
32, 2000, 100, 2000,20.000000, 400000000, 0.750000, 0.007434
32, 2000, 100, 2000,20.000000, 400000000, 0.750000, 0.006836
32, 2000, 100, 2000,20.000000, 400000000, 0.750000, 0.012794
32, 2000, 100, 2000,20.000000, 400000000, 0.750000, 0.011650
32, 2000, 100, 2000,20.000000, 400000000, 0.750000, 0.011555
32, 2000, 100, 2000,20.000000, 400000000, 0.750000, 0.015985
32, 2000, 100, 2000,20.000000, 400000000, 1.000000, 0.014095
32, 2000, 100, 2000,20.000000, 400000000, 1.000000, 0.006355
32, 2000, 100, 2000,20.000000, 400000000, 1.000000, 0.012135
32, 2000, 100, 2000,20.000000, 400000000, 1.000000, 0.006526
32, 2000, 100, 2000,20.000000, 400000000, 1.000000, 0.016753
32, 2000, 100, 2000,20.000000, 400000000, 1.000000, 0.006728
32, 2000, 100, 2000,20.000000, 400000000, 1.000000, 0.006999
32, 2000, 100, 2000,20.000000, 400000000, 1.000000, 0.007210
32, 2000, 100, 2000,20.000000, 400000000, 1.000000, 0.006652
32, 2000, 100, 2000,20.000000, 400000000, 1.000000, 0.009294
32, 2000, 1000, 2000,2.000000, 4000000000, 0.250000, 0.050640
32, 2000, 1000, 2000,2.000000, 4000000000, 0.250000, 0.038217
32, 2000, 1000, 2000,2.000000, 4000000000, 0.250000, 0.041133
32, 2000, 1000, 2000,2.000000, 4000000000, 0.250000, 0.039090
32, 2000, 1000, 2000,2.000000, 4000000000, 0.250000, 0.040822
32, 2000, 1000, 2000,2.000000, 4000000000, 0.250000, 0.040742
32, 2000, 1000, 2000,2.000000, 4000000000, 0.250000, 0.039957
32, 2000, 1000, 2000,2.000000, 4000000000, 0.250000, 0.044774
32, 2000, 1000, 2000,2.000000, 4000000000, 0.250000, 0.044270
32, 2000, 1000, 2000,2.000000, 4000000000, 0.250000, 0.044234
32, 2000, 1000, 2000,2.000000, 4000000000, 0.500000, 0.042364
32, 2000, 1000, 2000,2.000000, 4000000000, 0.500000, 0.040309
32, 2000, 1000, 2000,2.000000, 4000000000, 0.500000, 0.040949
32, 2000, 1000, 2000,2.000000, 4000000000, 0.500000, 0.041780
32, 2000, 1000, 2000,2.000000, 4000000000, 0.500000, 0.041462
32, 2000, 1000, 2000,2.000000, 4000000000, 0.500000, 0.039938
32, 2000, 1000, 2000,2.000000, 4000000000, 0.500000, 0.044249
32, 2000, 1000, 2000,2.000000, 4000000000, 0.500000, 0.040732
32, 2000, 1000, 2000,2.000000, 4000000000, 0.500000, 0.042924
32, 2000, 1000, 2000,2.000000, 4000000000, 0.500000, 0.040323
32, 2000, 1000, 2000,2.000000, 4000000000, 0.750000, 0.043535
32, 2000, 1000, 2000,2.000000, 4000000000, 0.750000, 0.042647
32, 2000, 1000, 2000,2.000000, 4000000000, 0.750000, 0.040644
32, 2000, 1000, 2000,2.000000, 4000000000, 0.750000, 0.039502
32, 2000, 1000, 2000,2.000000, 4000000000, 0.750000, 0.038831
32, 2000, 1000, 2000,2.000000, 4000000000, 0.750000, 0.040440
32, 2000, 1000, 2000,2.000000, 4000000000, 0.750000, 0.040500
32, 2000, 1000, 2000,2.000000, 4000000000, 0.750000, 0.040596
32, 2000, 1000, 2000,2.000000, 4000000000, 0.750000, 0.039700
32, 2000, 1000, 2000,2.000000, 4000000000, 0.750000, 0.040679
32, 2000, 1000, 2000,2.000000, 4000000000, 1.000000, 0.040728
32, 2000, 1000, 2000,2.000000, 4000000000, 1.000000, 0.038514
32, 2000, 1000, 2000,2.000000, 4000000000, 1.000000, 0.041487
32, 2000, 1000, 2000,2.000000, 4000000000, 1.000000, 0.040280
32, 2000, 1000, 2000,2.000000, 4000000000, 1.000000, 0.040521
32, 2000, 1000, 2000,2.000000, 4000000000, 1.000000, 0.040933
32, 2000, 1000, 2000,2.000000, 4000000000, 1.000000, 0.041736
32, 2000, 1000, 2000,2.000000, 4000000000, 1.000000, 0.038609
32, 2000, 1000, 2000,2.000000, 4000000000, 1.000000, 0.043304
32, 2000, 1000, 2000,2.000000, 4000000000, 1.000000, 0.040923
32, 2000, 5000, 2000,0.400000, 20000000000, 0.250000, 0.165243
32, 2000, 5000, 2000,0.400000, 20000000000, 0.250000, 0.204737
32, 2000, 5000, 2000,0.400000, 20000000000, 0.250000, 0.166196
32, 2000, 5000, 2000,0.400000, 20000000000, 0.250000, 0.169834
32, 2000, 5000, 2000,0.400000, 20000000000, 0.250000, 0.164741
32, 2000, 5000, 2000,0.400000, 20000000000, 0.250000, 0.166380
32, 2000, 5000, 2000,0.400000, 20000000000, 0.250000, 0.162997
32, 2000, 5000, 2000,0.400000, 20000000000, 0.250000, 0.166287
32, 2000, 5000, 2000,0.400000, 20000000000, 0.250000, 0.166020
32, 2000, 5000, 2000,0.400000, 20000000000, 0.250000, 0.206433
32, 2000, 5000, 2000,0.400000, 20000000000, 0.500000, 0.199548
32, 2000, 5000, 2000,0.400000, 20000000000, 0.500000, 0.205139
32, 2000, 5000, 2000,0.400000, 20000000000, 0.500000, 0.164474
32, 2000, 5000, 2000,0.400000, 20000000000, 0.500000, 0.200266
32, 2000, 5000, 2000,0.400000, 20000000000, 0.500000, 0.164623
32, 2000, 5000, 2000,0.400000, 20000000000, 0.500000, 0.163590
32, 2000, 5000, 2000,0.400000, 20000000000, 0.500000, 0.163958
32, 2000, 5000, 2000,0.400000, 20000000000, 0.500000, 0.165928
32, 2000, 5000, 2000,0.400000, 20000000000, 0.500000, 0.165226
32, 2000, 100, 2000,20.000000, 400000000, 0.250000, 0.017622
32, 2000, 100, 2000,20.000000, 400000000, 0.250000, 0.006732
32, 2000, 100, 2000,20.000000, 400000000, 0.250000, 0.008494
32, 2000, 100, 2000,20.000000, 400000000, 0.250000, 0.007123
32, 2000, 100, 2000,20.000000, 400000000, 0.250000, 0.007683
32, 2000, 100, 2000,20.000000, 400000000, 0.250000, 0.006809
32, 2000, 100, 2000,20.000000, 400000000, 0.250000, 0.010184
32, 2000, 100, 2000,20.000000, 400000000, 0.250000, 0.006690
32, 2000, 100, 2000,20.000000, 400000000, 0.250000, 0.006456
32, 2000, 100, 2000,20.000000, 400000000, 0.250000, 0.009056
32, 2000, 100, 2000,20.000000, 400000000, 0.500000, 0.007525
32, 2000, 100, 2000,20.000000, 400000000, 0.500000, 0.012275
32, 2000, 100, 2000,20.000000, 400000000, 0.500000, 0.008895
32, 2000, 100, 2000,20.000000, 400000000, 0.500000, 0.008173
32, 2000, 100, 2000,20.000000, 400000000, 0.500000, 0.007107
32, 2000, 100, 2000,20.000000, 400000000, 0.500000, 0.011794
32, 2000, 100, 2000,20.000000, 400000000, 0.500000, 0.006647
32, 2000, 100, 2000,20.000000, 400000000, 0.500000, 0.014250
32, 2000, 100, 2000,20.000000, 400000000, 0.500000, 0.006559
32, 2000, 100, 2000,20.000000, 400000000, 0.500000, 0.006182
32, 2000, 100, 2000,20.000000, 400000000, 0.750000, 0.008139
32, 2000, 100, 2000,20.000000, 400000000, 0.750000, 0.006495
32, 2000, 100, 2000,20.000000, 400000000, 0.750000, 0.006514
32, 2000, 100, 2000,20.000000, 400000000, 0.750000, 0.010250
32, 2000, 100, 2000,20.000000, 400000000, 0.750000, 0.007060
32, 2000, 100, 2000,20.000000, 400000000, 0.750000, 0.011876
32, 2000, 100, 2000,20.000000, 400000000, 0.750000, 0.012136
32, 2000, 100, 2000,20.000000, 400000000, 0.750000, 0.008694
32, 2000, 100, 2000,20.000000, 400000000, 0.750000, 0.010617
32, 2000, 100, 2000,20.000000, 400000000, 0.750000, 0.006650
32, 2000, 100, 2000,20.000000, 400000000, 1.000000, 0.015550
32, 2000, 100, 2000,20.000000, 400000000, 1.000000, 0.006634
32, 2000, 100, 2000,20.000000, 400000000, 1.000000, 0.006372
32, 2000, 100, 2000,20.000000, 400000000, 1.000000, 0.010170
32, 2000, 100, 2000,20.000000, 400000000, 1.000000, 0.006292
32, 2000, 100, 2000,20.000000, 400000000, 1.000000, 0.006644
32, 2000, 100, 2000,20.000000, 400000000, 1.000000, 0.011514
32, 2000, 100, 2000,20.000000, 400000000, 1.000000, 0.010117
32, 2000, 100, 2000,20.000000, 400000000, 1.000000, 0.007025
32, 2000, 100, 2000,20.000000, 400000000, 1.000000, 0.011682
32, 2000, 1000, 2000,2.000000, 4000000000, 0.250000, 0.040896
32, 2000, 1000, 2000,2.000000, 4000000000, 0.250000, 0.038738
32, 2000, 1000, 2000,2.000000, 4000000000, 0.250000, 0.040394
32, 2000, 1000, 2000,2.000000, 4000000000, 0.250000, 0.038678
32, 2000, 1000, 2000,2.000000, 4000000000, 0.250000, 0.038458
32, 2000, 1000, 2000,2.000000, 4000000000, 0.250000, 0.040220
32, 2000, 1000, 2000,2.000000, 4000000000, 0.250000, 0.040201
32, 2000, 1000, 2000,2.000000, 4000000000, 0.250000, 0.040357
32, 2000, 1000, 2000,2.000000, 4000000000, 0.250000, 0.039921
32, 2000, 1000, 2000,2.000000, 4000000000, 0.250000, 0.040168
32, 2000, 1000, 2000,2.000000, 4000000000, 0.500000, 0.040731
32, 2000, 1000, 2000,2.000000, 4000000000, 0.500000, 0.038548
32, 2000, 1000, 2000,2.000000, 4000000000, 0.500000, 0.038278
32, 2000, 1000, 2000,2.000000, 4000000000, 0.500000, 0.041200
32, 2000, 1000, 2000,2.000000, 4000000000, 0.500000, 0.040180
32, 2000, 1000, 2000,2.000000, 4000000000, 0.500000, 0.040724
32, 2000, 1000, 2000,2.000000, 4000000000, 0.500000, 0.042901
32, 2000, 1000, 2000,2.000000, 4000000000, 0.500000, 0.045615
32, 2000, 1000, 2000,2.000000, 4000000000, 0.500000, 0.043542
32, 2000, 1000, 2000,2.000000, 4000000000, 0.500000, 0.040559
32, 2000, 1000, 2000,2.000000, 4000000000, 0.750000, 0.040438
32, 2000, 1000, 2000,2.000000, 4000000000, 0.750000, 0.040275
32, 2000, 1000, 2000,2.000000, 4000000000, 0.750000, 0.041251
32, 2000, 1000, 2000,2.000000, 4000000000, 0.750000, 0.041811
32, 2000, 1000, 2000,2.000000, 4000000000, 0.750000, 0.042260
32, 2000, 1000, 2000,2.000000, 4000000000, 0.750000, 0.042849
32, 2000, 1000, 2000,2.000000, 4000000000, 0.750000, 0.051364
32, 2000, 1000, 2000,2.000000, 4000000000, 0.750000, 0.038463
32, 2000, 1000, 2000,2.000000, 4000000000, 0.750000, 0.039977
32, 2000, 1000, 2000,2.000000, 4000000000, 0.750000, 0.044785
32, 2000, 1000, 2000,2.000000, 4000000000, 1.000000, 0.040302
32, 2000, 1000, 2000,2.000000, 4000000000, 1.000000, 0.040195
32, 2000, 1000, 2000,2.000000, 4000000000, 1.000000, 0.040355
32, 2000, 1000, 2000,2.000000, 4000000000, 1.000000, 0.040192
32, 2000, 1000, 2000,2.000000, 4000000000, 1.000000, 0.040322
32, 2000, 1000, 2000,2.000000, 4000000000, 1.000000, 0.039725
32, 2000, 1000, 2000,2.000000, 4000000000, 1.000000, 0.041008
32, 2000, 1000, 2000,2.000000, 4000000000, 1.000000, 0.042461
32, 2000, 1000, 2000,2.000000, 4000000000, 1.000000, 0.043050
32, 2000, 1000, 2000,2.000000, 4000000000, 1.000000, 0.040544
32, 2000, 5000, 2000,0.400000, 20000000000, 0.250000, 0.167470
32, 2000, 5000, 2000,0.400000, 20000000000, 0.250000, 0.166115
32, 2000, 5000, 2000,0.400000, 20000000000, 0.250000, 0.200961
32, 2000, 5000, 2000,0.400000, 20000000000, 0.250000, 0.166007
32, 2000, 5000, 2000,0.400000, 20000000000, 0.250000, 0.167513
32, 2000, 5000, 2000,0.400000, 20000000000, 0.250000, 0.163516
32, 2000, 5000, 2000,0.400000, 20000000000, 0.250000, 0.164062
32, 2000, 5000, 2000,0.400000, 20000000000, 0.250000, 0.163825
32, 2000, 5000, 2000,0.400000, 20000000000, 0.250000, 0.166086
32, 2000, 5000, 2000,0.400000, 20000000000, 0.250000, 0.163531
32, 2000, 5000, 2000,0.400000, 20000000000, 0.500000, 0.163151
32, 2000, 5000, 2000,0.400000, 20000000000, 0.500000, 0.162927
32, 2000, 5000, 2000,0.400000, 20000000000, 0.500000, 0.164679
32, 2000, 5000, 2000,0.400000, 20000000000, 0.500000, 0.167014
32, 2000, 5000, 2000,0.400000, 20000000000, 0.500000, 0.168564
32, 2000, 5000, 2000,0.400000, 20000000000, 0.500000, 0.166610
32, 2000, 5000, 2000,0.400000, 20000000000, 0.500000, 0.171683
32, 2000, 5000, 2000,0.400000, 20000000000, 0.500000, 0.172187
32, 2000, 5000, 2000,0.400000, 20000000000, 0.500000, 0.163837
32, 2000, 5000, 2000,0.400000, 20000000000, 0.500000, 0.163849
32, 2000, 5000, 2000,0.400000, 20000000000, 0.750000, 0.163392
32, 2000, 5000, 2000,0.400000, 20000000000, 0.750000, 0.198503
32, 2000, 5000, 2000,0.400000, 20000000000, 0.750000, 0.167732
32, 2000, 5000, 2000,0.400000, 20000000000, 0.750000, 0.167127
32, 2000, 5000, 2000,0.400000, 20000000000, 0.750000, 0.204989
32, 2000, 5000, 2000,0.400000, 20000000000, 0.750000, 0.163804
32, 2000, 5000, 2000,0.400000, 20000000000, 0.750000, 0.170377
32, 2000, 5000, 2000,0.400000, 20000000000, 0.750000, 0.165668
32, 2000, 5000, 2000,0.400000, 20000000000, 0.750000, 0.164593
32, 2000, 5000, 2000,0.400000, 20000000000, 0.750000, 0.164910
32, 2000, 5000, 2000,0.400000, 20000000000, 1.000000, 0.205881
32, 2000, 5000, 2000,0.400000, 20000000000, 1.000000, 0.168098
32, 2000, 5000, 2000,0.400000, 20000000000, 1.000000, 0.163617
32, 2000, 5000, 2000,0.400000, 20000000000, 1.000000, 0.162963
32, 2000, 5000, 2000,0.400000, 20000000000, 1.000000, 0.165569
32, 2000, 5000, 2000,0.400000, 20000000000, 1.000000, 0.199289
32, 2000, 5000, 2000,0.400000, 20000000000, 1.000000, 0.163396
32, 2000, 5000, 2000,0.400000, 20000000000, 1.000000, 0.166629
32, 2000, 5000, 2000,0.400000, 20000000000, 1.000000, 0.202098
32, 2000, 5000, 2000,0.400000, 20000000000, 1.000000, 0.176527
32, 3000, 100, 3000,30.000000, 900000000, 0.250000, 0.012531
32, 3000, 100, 3000,30.000000, 900000000, 0.250000, 0.023248
32, 3000, 100, 3000,30.000000, 900000000, 0.250000, 0.012865
32, 3000, 100, 3000,30.000000, 900000000, 0.250000, 0.015454
32, 3000, 100, 3000,30.000000, 900000000, 0.250000, 0.013051
32, 3000, 100, 3000,30.000000, 900000000, 0.250000, 0.014102
32, 3000, 100, 3000,30.000000, 900000000, 0.250000, 0.012545
32, 3000, 100, 3000,30.000000, 900000000, 0.250000, 0.012387
32, 3000, 100, 3000,30.000000, 900000000, 0.250000, 0.011827
32, 3000, 100, 3000,30.000000, 900000000, 0.250000, 0.012157
32, 3000, 100, 3000,30.000000, 900000000, 0.500000, 0.013980
32, 3000, 100, 3000,30.000000, 900000000, 0.500000, 0.015834
32, 3000, 100, 3000,30.000000, 900000000, 0.500000, 0.012137
32, 3000, 100, 3000,30.000000, 900000000, 0.500000, 0.012151
32, 3000, 100, 3000,30.000000, 900000000, 0.500000, 0.014458
32, 3000, 100, 3000,30.000000, 900000000, 0.500000, 0.015415
32, 3000, 100, 3000,30.000000, 900000000, 0.500000, 0.014526
32, 3000, 100, 3000,30.000000, 900000000, 0.500000, 0.015574
32, 3000, 100, 3000,30.000000, 900000000, 0.500000, 0.012325
32, 3000, 100, 3000,30.000000, 900000000, 0.500000, 0.011797
32, 3000, 100, 3000,30.000000, 900000000, 0.750000, 0.012571
32, 3000, 100, 3000,30.000000, 900000000, 0.750000, 0.012229
32, 3000, 100, 3000,30.000000, 900000000, 0.750000, 0.012144
32, 3000, 100, 3000,30.000000, 900000000, 0.750000, 0.016328
32, 3000, 100, 3000,30.000000, 900000000, 0.750000, 0.012210
32, 3000, 100, 3000,30.000000, 900000000, 0.750000, 0.017018
32, 3000, 100, 3000,30.000000, 900000000, 0.750000, 0.015250
32, 3000, 100, 3000,30.000000, 900000000, 0.750000, 0.013946
32, 3000, 100, 3000,30.000000, 900000000, 0.750000, 0.012809
32, 3000, 100, 3000,30.000000, 900000000, 0.750000, 0.012484
32, 3000, 100, 3000,30.000000, 900000000, 1.000000, 0.020840
32, 3000, 100, 3000,30.000000, 900000000, 1.000000, 0.015752
32, 3000, 100, 3000,30.000000, 900000000, 1.000000, 0.012434
32, 3000, 100, 3000,30.000000, 900000000, 1.000000, 0.014706
32, 3000, 100, 3000,30.000000, 900000000, 1.000000, 0.012024
32, 3000, 100, 3000,30.000000, 900000000, 1.000000, 0.014980
32, 3000, 100, 3000,30.000000, 900000000, 1.000000, 0.018357
32, 3000, 100, 3000,30.000000, 900000000, 1.000000, 0.015894
32, 3000, 100, 3000,30.000000, 900000000, 1.000000, 0.012083
32, 3000, 100, 3000,30.000000, 900000000, 1.000000, 0.013006
32, 3000, 1000, 3000,3.000000, 9000000000, 0.250000, 0.085319
32, 3000, 1000, 3000,3.000000, 9000000000, 0.250000, 0.087061
32, 3000, 1000, 3000,3.000000, 9000000000, 0.250000, 0.087421
32, 3000, 1000, 3000,3.000000, 9000000000, 0.250000, 0.087245
32, 3000, 1000, 3000,3.000000, 9000000000, 0.250000, 0.103048
32, 3000, 1000, 3000,3.000000, 9000000000, 0.250000, 0.091702
32, 3000, 1000, 3000,3.000000, 9000000000, 0.250000, 0.088277
32, 3000, 1000, 3000,3.000000, 9000000000, 0.250000, 0.110478
32, 3000, 1000, 3000,3.000000, 9000000000, 0.250000, 0.085619
32, 3000, 1000, 3000,3.000000, 9000000000, 0.250000, 0.086137
32, 3000, 1000, 3000,3.000000, 9000000000, 0.500000, 0.113616
32, 3000, 1000, 3000,3.000000, 9000000000, 0.500000, 0.114043
32, 3000, 1000, 3000,3.000000, 9000000000, 0.500000, 0.113695
32, 3000, 1000, 3000,3.000000, 9000000000, 0.500000, 0.089115
32, 3000, 1000, 3000,3.000000, 9000000000, 0.500000, 0.086320
32, 3000, 1000, 3000,3.000000, 9000000000, 0.500000, 0.087382
32, 3000, 1000, 3000,3.000000, 9000000000, 0.500000, 0.112700
32, 3000, 1000, 3000,3.000000, 9000000000, 0.500000, 0.087016
32, 3000, 1000, 3000,3.000000, 9000000000, 0.500000, 0.088611
32, 3000, 1000, 3000,3.000000, 9000000000, 0.500000, 0.085417
32, 3000, 1000, 3000,3.000000, 9000000000, 0.750000, 0.103068
32, 3000, 1000, 3000,3.000000, 9000000000, 0.750000, 0.089006
32, 3000, 1000, 3000,3.000000, 9000000000, 0.750000, 0.088201
32, 3000, 1000, 3000,3.000000, 9000000000, 0.750000, 0.087507
32, 3000, 1000, 3000,3.000000, 9000000000, 0.750000, 0.085535
32, 3000, 100, 3000,30.000000, 900000000, 0.250000, 0.012170
32, 3000, 100, 3000,30.000000, 900000000, 0.250000, 0.014253
32, 3000, 100, 3000,30.000000, 900000000, 0.250000, 0.012342
32, 3000, 100, 3000,30.000000, 900000000, 0.250000, 0.015361
32, 3000, 100, 3000,30.000000, 900000000, 0.250000, 0.012519
32, 3000, 100, 3000,30.000000, 900000000, 0.250000, 0.013878
32, 3000, 100, 3000,30.000000, 900000000, 0.250000, 0.012221
32, 3000, 100, 3000,30.000000, 900000000, 0.250000, 0.016860
32, 3000, 100, 3000,30.000000, 900000000, 0.250000, 0.016756
32, 3000, 100, 3000,30.000000, 900000000, 0.250000, 0.021303
32, 3000, 100, 3000,30.000000, 900000000, 0.500000, 0.012341
32, 3000, 100, 3000,30.000000, 900000000, 0.500000, 0.015295
32, 3000, 100, 3000,30.000000, 900000000, 0.500000, 0.012210
32, 3000, 100, 3000,30.000000, 900000000, 0.500000, 0.012349
32, 3000, 100, 3000,30.000000, 900000000, 0.500000, 0.016183
32, 3000, 100, 3000,30.000000, 900000000, 0.500000, 0.018789
32, 3000, 100, 3000,30.000000, 900000000, 0.500000, 0.012717
32, 3000, 100, 3000,30.000000, 900000000, 0.500000, 0.012383
32, 3000, 100, 3000,30.000000, 900000000, 0.500000, 0.015169
32, 3000, 100, 3000,30.000000, 900000000, 0.500000, 0.011884
32, 3000, 100, 3000,30.000000, 900000000, 0.750000, 0.012472
32, 3000, 100, 3000,30.000000, 900000000, 0.750000, 0.016898
32, 3000, 100, 3000,30.000000, 900000000, 0.750000, 0.011978
32, 3000, 100, 3000,30.000000, 900000000, 0.750000, 0.015171
32, 3000, 100, 3000,30.000000, 900000000, 0.750000, 0.013701
32, 3000, 100, 3000,30.000000, 900000000, 0.750000, 0.015206
32, 3000, 100, 3000,30.000000, 900000000, 0.750000, 0.016022
32, 3000, 100, 3000,30.000000, 900000000, 0.750000, 0.011900
32, 3000, 100, 3000,30.000000, 900000000, 0.750000, 0.020790
32, 3000, 100, 3000,30.000000, 900000000, 0.750000, 0.012455
32, 3000, 100, 3000,30.000000, 900000000, 1.000000, 0.012263
32, 3000, 100, 3000,30.000000, 900000000, 1.000000, 0.012254
32, 3000, 100, 3000,30.000000, 900000000, 1.000000, 0.018710
32, 3000, 100, 3000,30.000000, 900000000, 1.000000, 0.012804
32, 3000, 100, 3000,30.000000, 900000000, 1.000000, 0.012258
32, 3000, 100, 3000,30.000000, 900000000, 1.000000, 0.012590
32, 3000, 100, 3000,30.000000, 900000000, 1.000000, 0.012730
32, 3000, 100, 3000,30.000000, 900000000, 1.000000, 0.017114
32, 3000, 100, 3000,30.000000, 900000000, 1.000000, 0.018857
32, 3000, 100, 3000,30.000000, 900000000, 1.000000, 0.017689
32, 3000, 1000, 3000,3.000000, 9000000000, 0.250000, 0.088585
32, 3000, 1000, 3000,3.000000, 9000000000, 0.250000, 0.086768
32, 3000, 1000, 3000,3.000000, 9000000000, 0.250000, 0.085912
32, 3000, 1000, 3000,3.000000, 9000000000, 0.250000, 0.087301
32, 3000, 1000, 3000,3.000000, 9000000000, 0.250000, 0.086097
32, 3000, 1000, 3000,3.000000, 9000000000, 0.250000, 0.086453
32, 3000, 1000, 3000,3.000000, 9000000000, 0.250000, 0.090373
32, 3000, 1000, 3000,3.000000, 9000000000, 0.250000, 0.085606
32, 3000, 1000, 3000,3.000000, 9000000000, 0.250000, 0.089402
32, 3000, 1000, 3000,3.000000, 9000000000, 0.250000, 0.086384
32, 3000, 1000, 3000,3.000000, 9000000000, 0.500000, 0.087235
32, 3000, 1000, 3000,3.000000, 9000000000, 0.500000, 0.101897
32, 3000, 1000, 3000,3.000000, 9000000000, 0.500000, 0.095948
32, 3000, 1000, 3000,3.000000, 9000000000, 0.500000, 0.088357
32, 3000, 1000, 3000,3.000000, 9000000000, 0.500000, 0.088449
32, 3000, 1000, 3000,3.000000, 9000000000, 0.500000, 0.086476
32, 3000, 1000, 3000,3.000000, 9000000000, 0.500000, 0.109065
32, 3000, 1000, 3000,3.000000, 9000000000, 0.500000, 0.086434
32, 3000, 1000, 3000,3.000000, 9000000000, 0.500000, 0.088615
32, 3000, 1000, 3000,3.000000, 9000000000, 0.500000, 0.089611
32, 3000, 1000, 3000,3.000000, 9000000000, 0.750000, 0.089059
32, 3000, 1000, 3000,3.000000, 9000000000, 0.750000, 0.087549
32, 3000, 1000, 3000,3.000000, 9000000000, 0.750000, 0.088315
32, 3000, 1000, 3000,3.000000, 9000000000, 0.750000, 0.086918
32, 3000, 1000, 3000,3.000000, 9000000000, 0.750000, 0.087773
32, 3000, 1000, 3000,3.000000, 9000000000, 0.750000, 0.087108
32, 3000, 1000, 3000,3.000000, 9000000000, 0.750000, 0.086671
32, 3000, 1000, 3000,3.000000, 9000000000, 0.750000, 0.088965
32, 3000, 1000, 3000,3.000000, 9000000000, 0.750000, 0.085249
32, 3000, 1000, 3000,3.000000, 9000000000, 0.750000, 0.085548
32, 3000, 1000, 3000,3.000000, 9000000000, 1.000000, 0.085949
32, 3000, 1000, 3000,3.000000, 9000000000, 1.000000, 0.085020
32, 3000, 1000, 3000,3.000000, 9000000000, 1.000000, 0.087307
32, 3000, 1000, 3000,3.000000, 9000000000, 1.000000, 0.087492
32, 3000, 1000, 3000,3.000000, 9000000000, 1.000000, 0.089539
32, 3000, 1000, 3000,3.000000, 9000000000, 1.000000, 0.088580
32, 3000, 1000, 3000,3.000000, 9000000000, 1.000000, 0.088166
32, 3000, 1000, 3000,3.000000, 9000000000, 1.000000, 0.090811
32, 3000, 1000, 3000,3.000000, 9000000000, 1.000000, 0.087293
32, 3000, 1000, 3000,3.000000, 9000000000, 1.000000, 0.086711
32, 3000, 5000, 3000,0.600000, 45000000000, 0.250000, 0.437675
32, 3000, 5000, 3000,0.600000, 45000000000, 0.250000, 0.421728
32, 3000, 5000, 3000,0.600000, 45000000000, 0.250000, 0.433849
32, 3000, 5000, 3000,0.600000, 45000000000, 0.250000, 0.411120
32, 3000, 5000, 3000,0.600000, 45000000000, 0.250000, 0.433123
32, 3000, 5000, 3000,0.600000, 45000000000, 0.250000, 0.428642
32, 3000, 5000, 3000,0.600000, 45000000000, 0.250000, 0.442411
32, 3000, 5000, 3000,0.600000, 45000000000, 0.250000, 0.421071
32, 3000, 5000, 3000,0.600000, 45000000000, 0.250000, 0.430056
32, 3000, 5000, 3000,0.600000, 45000000000, 0.250000, 0.397707
32, 3000, 5000, 3000,0.600000, 45000000000, 0.500000, 0.427413
32, 3000, 5000, 3000,0.600000, 45000000000, 0.500000, 0.410621
32, 3000, 5000, 3000,0.600000, 45000000000, 0.500000, 0.405183
32, 3000, 5000, 3000,0.600000, 45000000000, 0.500000, 0.418993
32, 3000, 5000, 3000,0.600000, 45000000000, 0.500000, 0.427660
32, 3000, 5000, 3000,0.600000, 45000000000, 0.500000, 0.424417
32, 3000, 5000, 3000,0.600000, 45000000000, 0.500000, 0.405375
32, 3000, 5000, 3000,0.600000, 45000000000, 0.500000, 0.412433
32, 3000, 5000, 3000,0.600000, 45000000000, 0.500000, 0.414398
32, 3000, 5000, 3000,0.600000, 45000000000, 0.500000, 0.461441
32, 3000, 5000, 3000,0.600000, 45000000000, 0.750000, 0.418471
32, 3000, 5000, 3000,0.600000, 45000000000, 0.750000, 0.420735
32, 3000, 5000, 3000,0.600000, 45000000000, 0.750000, 0.444253
32, 3000, 5000, 3000,0.600000, 45000000000, 0.750000, 0.413626
32, 3000, 5000, 3000,0.600000, 45000000000, 0.750000, 0.433160
32, 3000, 5000, 3000,0.600000, 45000000000, 0.750000, 0.432907
32, 3000, 5000, 3000,0.600000, 45000000000, 0.750000, 0.419902
32, 3000, 5000, 3000,0.600000, 45000000000, 0.750000, 0.406828
32, 3000, 5000, 3000,0.600000, 45000000000, 0.750000, 0.398327
32, 3000, 5000, 3000,0.600000, 45000000000, 0.750000, 0.433576
32, 3000, 5000, 3000,0.600000, 45000000000, 1.000000, 0.426974
32, 3000, 5000, 3000,0.600000, 45000000000, 1.000000, 0.429484
32, 3000, 100, 3000,30.000000, 900000000, 1.000000, 0.018932
32, 3000, 100, 3000,30.000000, 900000000, 1.000000, 0.012744
32, 3000, 100, 3000,30.000000, 900000000, 1.000000, 0.019142
32, 3000, 100, 3000,30.000000, 900000000, 1.000000, 0.014104
32, 3000, 100, 3000,30.000000, 900000000, 1.000000, 0.012635
32, 3000, 100, 3000,30.000000, 900000000, 1.000000, 0.018486
32, 3000, 100, 3000,30.000000, 900000000, 1.000000, 0.013698
32, 3000, 100, 3000,30.000000, 900000000, 1.000000, 0.016731
32, 3000, 100, 3000,30.000000, 900000000, 1.000000, 0.012798
32, 3000, 100, 3000,30.000000, 900000000, 1.000000, 0.012218
32, 3000, 1000, 3000,3.000000, 9000000000, 1.000000, 0.086191
32, 3000, 1000, 3000,3.000000, 9000000000, 1.000000, 0.113459
32, 3000, 1000, 3000,3.000000, 9000000000, 1.000000, 0.087618
32, 3000, 1000, 3000,3.000000, 9000000000, 1.000000, 0.086792
32, 3000, 1000, 3000,3.000000, 9000000000, 1.000000, 0.086820
32, 3000, 1000, 3000,3.000000, 9000000000, 1.000000, 0.090510
32, 3000, 1000, 3000,3.000000, 9000000000, 1.000000, 0.088411
32, 3000, 1000, 3000,3.000000, 9000000000, 1.000000, 0.088250
32, 3000, 1000, 3000,3.000000, 9000000000, 1.000000, 0.088755
32, 3000, 1000, 3000,3.000000, 9000000000, 1.000000, 0.087308
32, 3000, 5000, 3000,0.600000, 45000000000, 1.000000, 0.428684
32, 3000, 5000, 3000,0.600000, 45000000000, 1.000000, 0.427217
32, 3000, 5000, 3000,0.600000, 45000000000, 1.000000, 0.480725
32, 3000, 5000, 3000,0.600000, 45000000000, 1.000000, 0.418454
32, 3000, 5000, 3000,0.600000, 45000000000, 1.000000, 0.404933
32, 3000, 5000, 3000,0.600000, 45000000000, 1.000000, 0.412499
32, 3000, 5000, 3000,0.600000, 45000000000, 1.000000, 0.439352
32, 3000, 5000, 3000,0.600000, 45000000000, 1.000000, 0.420871
32, 3000, 5000, 3000,0.600000, 45000000000, 1.000000, 0.407726
32, 3000, 5000, 3000,0.600000, 45000000000, 1.000000, 0.430413
32, 4000, 100, 4000,40.000000, 1600000000, 1.000000, 0.025521
32, 4000, 100, 4000,40.000000, 1600000000, 1.000000, 0.023568
32, 4000, 100, 4000,40.000000, 1600000000, 1.000000, 0.023343
32, 4000, 100, 4000,40.000000, 1600000000, 1.000000, 0.026749
32, 4000, 100, 4000,40.000000, 1600000000, 1.000000, 0.023643
32, 4000, 100, 4000,40.000000, 1600000000, 1.000000, 0.024042
32, 4000, 100, 4000,40.000000, 1600000000, 1.000000, 0.024296
32, 4000, 100, 4000,40.000000, 1600000000, 1.000000, 0.024355
32, 4000, 100, 4000,40.000000, 1600000000, 1.000000, 0.025680
32, 4000, 100, 4000,40.000000, 1600000000, 1.000000, 0.027195
32, 4000, 1000, 4000,4.000000, 16000000000, 1.000000, 0.148787
32, 4000, 1000, 4000,4.000000, 16000000000, 1.000000, 0.152195
32, 4000, 1000, 4000,4.000000, 16000000000, 1.000000, 0.160327
32, 4000, 1000, 4000,4.000000, 16000000000, 1.000000, 0.153010
32, 4000, 1000, 4000,4.000000, 16000000000, 1.000000, 0.149794
32, 4000, 1000, 4000,4.000000, 16000000000, 1.000000, 0.187103
32, 4000, 1000, 4000,4.000000, 16000000000, 1.000000, 0.149416
32, 4000, 1000, 4000,4.000000, 16000000000, 1.000000, 0.148635
32, 4000, 1000, 4000,4.000000, 16000000000, 1.000000, 0.147626
32, 4000, 1000, 4000,4.000000, 16000000000, 1.000000, 0.181795
32, 4000, 5000, 4000,0.800000, 80000000000, 1.000000, 0.755296
32, 4000, 5000, 4000,0.800000, 80000000000, 1.000000, 0.739476
32, 4000, 5000, 4000,0.800000, 80000000000, 1.000000, 0.755109
32, 4000, 5000, 4000,0.800000, 80000000000, 1.000000, 0.752050
32, 4000, 5000, 4000,0.800000, 80000000000, 1.000000, 0.765757
32, 4000, 5000, 4000,0.800000, 80000000000, 1.000000, 0.749790
32, 4000, 5000, 4000,0.800000, 80000000000, 1.000000, 0.758388
32, 4000, 5000, 4000,0.800000, 80000000000, 1.000000, 0.729646
32, 4000, 5000, 4000,0.800000, 80000000000, 1.000000, 0.792613
32, 4000, 5000, 4000,0.800000, 80000000000, 1.000000, 0.726838
32, 5000, 100, 5000,50.000000, 2500000000, 1.000000, 0.044151
32, 5000, 100, 5000,50.000000, 2500000000, 1.000000, 0.043041
32, 5000, 100, 5000,50.000000, 2500000000, 1.000000, 0.042261
32, 5000, 100, 5000,50.000000, 2500000000, 1.000000, 0.040685
32, 5000, 100, 5000,50.000000, 2500000000, 1.000000, 0.043190
32, 5000, 100, 5000,50.000000, 2500000000, 1.000000, 0.040697
32, 5000, 100, 5000,50.000000, 2500000000, 1.000000, 0.042752
32, 5000, 100, 5000,50.000000, 2500000000, 1.000000, 0.043479
32, 5000, 100, 5000,50.000000, 2500000000, 1.000000, 0.043863
32, 4000, 100, 4000,40.000000, 1600000000, 0.250000, 0.023611
32, 4000, 100, 4000,40.000000, 1600000000, 0.250000, 0.023840
32, 4000, 100, 4000,40.000000, 1600000000, 0.250000, 0.025960
32, 4000, 100, 4000,40.000000, 1600000000, 0.250000, 0.034341
32, 4000, 100, 4000,40.000000, 1600000000, 0.250000, 0.027748
32, 4000, 100, 4000,40.000000, 1600000000, 0.250000, 0.024563
32, 4000, 100, 4000,40.000000, 1600000000, 0.250000, 0.023778
32, 4000, 100, 4000,40.000000, 1600000000, 0.250000, 0.023993
32, 4000, 100, 4000,40.000000, 1600000000, 0.250000, 0.023507
32, 4000, 100, 4000,40.000000, 1600000000, 0.250000, 0.024942
32, 4000, 100, 4000,40.000000, 1600000000, 0.500000, 0.028519
32, 4000, 100, 4000,40.000000, 1600000000, 0.500000, 0.024045
32, 4000, 100, 4000,40.000000, 1600000000, 0.500000, 0.028877
32, 4000, 100, 4000,40.000000, 1600000000, 0.500000, 0.023883
32, 4000, 100, 4000,40.000000, 1600000000, 0.500000, 0.024221
32, 4000, 100, 4000,40.000000, 1600000000, 0.500000, 0.024934
32, 4000, 100, 4000,40.000000, 1600000000, 0.500000, 0.023396
32, 4000, 100, 4000,40.000000, 1600000000, 0.500000, 0.028788
32, 4000, 100, 4000,40.000000, 1600000000, 0.500000, 0.024278
32, 4000, 100, 4000,40.000000, 1600000000, 0.500000, 0.027338
32, 4000, 100, 4000,40.000000, 1600000000, 0.750000, 0.028924
32, 4000, 100, 4000,40.000000, 1600000000, 0.750000, 0.026420
32, 4000, 100, 4000,40.000000, 1600000000, 0.750000, 0.030518
32, 4000, 100, 4000,40.000000, 1600000000, 0.750000, 0.029723
32, 4000, 100, 4000,40.000000, 1600000000, 0.750000, 0.024398
32, 4000, 100, 4000,40.000000, 1600000000, 0.750000, 0.028350
32, 4000, 100, 4000,40.000000, 1600000000, 0.750000, 0.024031
32, 4000, 100, 4000,40.000000, 1600000000, 0.750000, 0.029578
32, 4000, 100, 4000,40.000000, 1600000000, 0.750000, 0.024256
32, 4000, 100, 4000,40.000000, 1600000000, 0.750000, 0.026516
32, 4000, 100, 4000,40.000000, 1600000000, 1.000000, 0.025690
32, 4000, 100, 4000,40.000000, 1600000000, 1.000000, 0.028302
32, 4000, 100, 4000,40.000000, 1600000000, 1.000000, 0.024626
32, 4000, 100, 4000,40.000000, 1600000000, 1.000000, 0.025738
32, 4000, 100, 4000,40.000000, 1600000000, 1.000000, 0.025775
32, 4000, 100, 4000,40.000000, 1600000000, 1.000000, 0.027536
32, 4000, 100, 4000,40.000000, 1600000000, 1.000000, 0.023999
32, 4000, 100, 4000,40.000000, 1600000000, 1.000000, 0.030694
32, 4000, 100, 4000,40.000000, 1600000000, 1.000000, 0.024353
32, 4000, 100, 4000,40.000000, 1600000000, 1.000000, 0.024575
32, 4000, 1000, 4000,4.000000, 16000000000, 0.250000, 0.186538
32, 4000, 1000, 4000,4.000000, 16000000000, 0.250000, 0.169758
32, 4000, 1000, 4000,4.000000, 16000000000, 0.250000, 0.188003
32, 4000, 1000, 4000,4.000000, 16000000000, 0.250000, 0.150053
32, 4000, 1000, 4000,4.000000, 16000000000, 0.250000, 0.149861
32, 4000, 1000, 4000,4.000000, 16000000000, 0.250000, 0.185151
32, 4000, 1000, 4000,4.000000, 16000000000, 0.250000, 0.150453
32, 4000, 1000, 4000,4.000000, 16000000000, 0.250000, 0.149891
32, 4000, 1000, 4000,4.000000, 16000000000, 0.250000, 0.185072
32, 4000, 1000, 4000,4.000000, 16000000000, 0.250000, 0.149040
32, 4000, 1000, 4000,4.000000, 16000000000, 0.500000, 0.150754
32, 4000, 1000, 4000,4.000000, 16000000000, 0.500000, 0.149249
32, 4000, 1000, 4000,4.000000, 16000000000, 0.500000, 0.149029
32, 4000, 1000, 4000,4.000000, 16000000000, 0.500000, 0.150135
32, 4000, 1000, 4000,4.000000, 16000000000, 0.500000, 0.148678
32, 4000, 1000, 4000,4.000000, 16000000000, 0.500000, 0.192666
32, 4000, 1000, 4000,4.000000, 16000000000, 0.500000, 0.148921
32, 4000, 1000, 4000,4.000000, 16000000000, 0.500000, 0.149172
32, 4000, 1000, 4000,4.000000, 16000000000, 0.500000, 0.152330
32, 4000, 1000, 4000,4.000000, 16000000000, 0.500000, 0.149987
32, 4000, 1000, 4000,4.000000, 16000000000, 0.750000, 0.182144
32, 4000, 1000, 4000,4.000000, 16000000000, 0.750000, 0.180981
32, 4000, 1000, 4000,4.000000, 16000000000, 0.750000, 0.180718
32, 4000, 1000, 4000,4.000000, 16000000000, 0.750000, 0.147929
32, 4000, 1000, 4000,4.000000, 16000000000, 0.750000, 0.148934
32, 4000, 1000, 4000,4.000000, 16000000000, 0.750000, 0.182447
32, 4000, 1000, 4000,4.000000, 16000000000, 0.750000, 0.181474
32, 4000, 1000, 4000,4.000000, 16000000000, 0.750000, 0.149248
32, 4000, 1000, 4000,4.000000, 16000000000, 0.750000, 0.154280
32, 4000, 1000, 4000,4.000000, 16000000000, 0.750000, 0.149878
32, 4000, 1000, 4000,4.000000, 16000000000, 1.000000, 0.149143
32, 4000, 1000, 4000,4.000000, 16000000000, 1.000000, 0.148741
32, 4000, 1000, 4000,4.000000, 16000000000, 1.000000, 0.186755
32, 4000, 1000, 4000,4.000000, 16000000000, 1.000000, 0.149427
32, 4000, 1000, 4000,4.000000, 16000000000, 1.000000, 0.149654
32, 4000, 1000, 4000,4.000000, 16000000000, 1.000000, 0.149885
32, 4000, 1000, 4000,4.000000, 16000000000, 1.000000, 0.148824
32, 4000, 1000, 4000,4.000000, 16000000000, 1.000000, 0.152963
32, 4000, 1000, 4000,4.000000, 16000000000, 1.000000, 0.152498
32, 4000, 1000, 4000,4.000000, 16000000000, 1.000000, 0.177078
32, 4000, 5000, 4000,0.800000, 80000000000, 0.250000, 0.736333
32, 4000, 5000, 4000,0.800000, 80000000000, 0.250000, 0.762594
32, 4000, 5000, 4000,0.800000, 80000000000, 0.250000, 0.771670
32, 4000, 5000, 4000,0.800000, 80000000000, 0.250000, 0.744588
32, 4000, 5000, 4000,0.800000, 80000000000, 0.250000, 0.760911
32, 4000, 5000, 4000,0.800000, 80000000000, 0.250000, 0.777817
32, 4000, 5000, 4000,0.800000, 80000000000, 0.250000, 0.763741
32, 4000, 5000, 4000,0.800000, 80000000000, 0.250000, 0.797035
32, 4000, 5000, 4000,0.800000, 80000000000, 0.250000, 0.744803
32, 4000, 5000, 4000,0.800000, 80000000000, 0.250000, 0.758630
32, 4000, 5000, 4000,0.800000, 80000000000, 0.500000, 0.795598
32, 4000, 5000, 4000,0.800000, 80000000000, 0.500000, 0.748534
32, 4000, 5000, 4000,0.800000, 80000000000, 0.500000, 0.792714
32, 4000, 5000, 4000,0.800000, 80000000000, 0.500000, 0.757610
32, 4000, 5000, 4000,0.800000, 80000000000, 0.500000, 0.785212
32, 4000, 5000, 4000,0.800000, 80000000000, 0.500000, 0.796087
32, 4000, 5000, 4000,0.800000, 80000000000, 0.500000, 0.748023
32, 4000, 5000, 4000,0.800000, 80000000000, 0.500000, 0.748428
32, 4000, 5000, 4000,0.800000, 80000000000, 0.500000, 0.768140
32, 4000, 5000, 4000,0.800000, 80000000000, 0.500000, 0.757213
32, 4000, 5000, 4000,0.800000, 80000000000, 0.750000, 0.759156
32, 4000, 5000, 4000,0.800000, 80000000000, 0.750000, 0.753910
32, 4000, 5000, 4000,0.800000, 80000000000, 0.750000, 0.771749
32, 4000, 5000, 4000,0.800000, 80000000000, 0.750000, 0.779555
32, 4000, 5000, 4000,0.800000, 80000000000, 0.750000, 0.763029
32, 4000, 5000, 4000,0.800000, 80000000000, 0.750000, 0.737582
32, 4000, 5000, 4000,0.800000, 80000000000, 0.750000, 0.756406
32, 4000, 5000, 4000,0.800000, 80000000000, 0.750000, 0.758523
32, 4000, 5000, 4000,0.800000, 80000000000, 0.750000, 0.745093
32, 4000, 5000, 4000,0.800000, 80000000000, 0.750000, 0.807882
32, 4000, 5000, 4000,0.800000, 80000000000, 1.000000, 0.764529
32, 4000, 5000, 4000,0.800000, 80000000000, 1.000000, 0.747656
32, 4000, 5000, 4000,0.800000, 80000000000, 1.000000, 0.765425
32, 4000, 5000, 4000,0.800000, 80000000000, 1.000000, 0.756540
32, 4000, 5000, 4000,0.800000, 80000000000, 1.000000, 0.775060
32, 4000, 5000, 4000,0.800000, 80000000000, 1.000000, 0.760646
32, 4000, 5000, 4000,0.800000, 80000000000, 1.000000, 0.756543
32, 4000, 5000, 4000,0.800000, 80000000000, 1.000000, 0.757604
32, 4000, 5000, 4000,0.800000, 80000000000, 1.000000, 0.732545
32, 4000, 5000, 4000,0.800000, 80000000000, 1.000000, 0.732760
32, 5000, 5000, 5000,1.000000, 125000000000, 0.250000, 1.091151
32, 5000, 5000, 5000,1.000000, 125000000000, 0.250000, 1.077418
32, 5000, 5000, 5000,1.000000, 125000000000, 0.250000, 1.115587
32, 5000, 100, 5000,50.000000, 2500000000, 0.250000, 0.042346
32, 5000, 100, 5000,50.000000, 2500000000, 0.250000, 0.041121
32, 5000, 100, 5000,50.000000, 2500000000, 0.250000, 0.040723
32, 5000, 100, 5000,50.000000, 2500000000, 0.250000, 0.043384
32, 5000, 100, 5000,50.000000, 2500000000, 0.250000, 0.040569
32, 5000, 100, 5000,50.000000, 2500000000, 0.250000, 0.042861
32, 5000, 100, 5000,50.000000, 2500000000, 0.250000, 0.041490
32, 5000, 100, 5000,50.000000, 2500000000, 0.250000, 0.042809
32, 5000, 100, 5000,50.000000, 2500000000, 0.250000, 0.043132
32, 5000, 100, 5000,50.000000, 2500000000, 0.250000, 0.042556
32, 5000, 100, 5000,50.000000, 2500000000, 0.500000, 0.042827
32, 5000, 100, 5000,50.000000, 2500000000, 0.500000, 0.040249
32, 5000, 100, 5000,50.000000, 2500000000, 0.500000, 0.040565
32, 5000, 100, 5000,50.000000, 2500000000, 0.500000, 0.041001
32, 5000, 100, 5000,50.000000, 2500000000, 0.500000, 0.041356
32, 5000, 100, 5000,50.000000, 2500000000, 0.500000, 0.043033
32, 5000, 100, 5000,50.000000, 2500000000, 0.500000, 0.044328
32, 5000, 100, 5000,50.000000, 2500000000, 0.500000, 0.042588
32, 5000, 100, 5000,50.000000, 2500000000, 0.500000, 0.044832
32, 5000, 100, 5000,50.000000, 2500000000, 0.500000, 0.046436
32, 5000, 100, 5000,50.000000, 2500000000, 0.750000, 0.045216
32, 5000, 100, 5000,50.000000, 2500000000, 0.750000, 0.041830
32, 5000, 100, 5000,50.000000, 2500000000, 0.750000, 0.044426
32, 5000, 100, 5000,50.000000, 2500000000, 0.750000, 0.040791
32, 5000, 100, 5000,50.000000, 2500000000, 0.750000, 0.045041
32, 5000, 100, 5000,50.000000, 2500000000, 0.750000, 0.044188
32, 5000, 100, 5000,50.000000, 2500000000, 0.750000, 0.041205
32, 5000, 100, 5000,50.000000, 2500000000, 0.750000, 0.042891
32, 5000, 100, 5000,50.000000, 2500000000, 0.750000, 0.042337
32, 5000, 100, 5000,50.000000, 2500000000, 0.750000, 0.043785
32, 5000, 100, 5000,50.000000, 2500000000, 1.000000, 0.041863
32, 5000, 100, 5000,50.000000, 2500000000, 1.000000, 0.039624
32, 5000, 100, 5000,50.000000, 2500000000, 1.000000, 0.044303
32, 5000, 100, 5000,50.000000, 2500000000, 1.000000, 0.042203
32, 5000, 100, 5000,50.000000, 2500000000, 1.000000, 0.041571
32, 5000, 100, 5000,50.000000, 2500000000, 1.000000, 0.041697
32, 5000, 100, 5000,50.000000, 2500000000, 1.000000, 0.041105
32, 5000, 100, 5000,50.000000, 2500000000, 1.000000, 0.043298
32, 5000, 100, 5000,50.000000, 2500000000, 1.000000, 0.043376
32, 5000, 100, 5000,50.000000, 2500000000, 1.000000, 0.042332
32, 5000, 1000, 5000,5.000000, 25000000000, 0.250000, 0.251059
32, 5000, 1000, 5000,5.000000, 25000000000, 0.250000, 0.255617
32, 5000, 1000, 5000,5.000000, 25000000000, 0.250000, 0.255627
32, 5000, 1000, 5000,5.000000, 25000000000, 0.250000, 0.236018
32, 5000, 1000, 5000,5.000000, 25000000000, 0.250000, 0.243080
32, 5000, 1000, 5000,5.000000, 25000000000, 0.250000, 0.237294
32, 5000, 1000, 5000,5.000000, 25000000000, 0.250000, 0.237128
32, 5000, 1000, 5000,5.000000, 25000000000, 0.250000, 0.248329
32, 5000, 1000, 5000,5.000000, 25000000000, 0.250000, 0.211371
32, 5000, 1000, 5000,5.000000, 25000000000, 0.250000, 0.247065
32, 5000, 1000, 5000,5.000000, 25000000000, 0.500000, 0.250556
32, 5000, 1000, 5000,5.000000, 25000000000, 0.500000, 0.244745
32, 5000, 1000, 5000,5.000000, 25000000000, 0.500000, 0.252291
32, 5000, 1000, 5000,5.000000, 25000000000, 0.500000, 0.226113
32, 5000, 1000, 5000,5.000000, 25000000000, 0.500000, 0.232463
32, 5000, 1000, 5000,5.000000, 25000000000, 0.500000, 0.255888
32, 5000, 1000, 5000,5.000000, 25000000000, 0.250000, 0.213398
32, 5000, 1000, 5000,5.000000, 25000000000, 0.250000, 0.235414
32, 5000, 1000, 5000,5.000000, 25000000000, 0.250000, 0.245357
32, 5000, 1000, 5000,5.000000, 25000000000, 0.250000, 0.254404
32, 5000, 1000, 5000,5.000000, 25000000000, 0.250000, 0.248835
32, 5000, 1000, 5000,5.000000, 25000000000, 0.250000, 0.222605
32, 5000, 1000, 5000,5.000000, 25000000000, 0.250000, 0.250828
32, 5000, 1000, 5000,5.000000, 25000000000, 0.250000, 0.227487
32, 5000, 1000, 5000,5.000000, 25000000000, 0.250000, 0.251037
32, 5000, 1000, 5000,5.000000, 25000000000, 0.250000, 0.249118
32, 5000, 1000, 5000,5.000000, 25000000000, 0.500000, 0.250277
32, 5000, 1000, 5000,5.000000, 25000000000, 0.500000, 0.232907
32, 5000, 1000, 5000,5.000000, 25000000000, 0.500000, 0.213994
32, 5000, 1000, 5000,5.000000, 25000000000, 0.500000, 0.234414
32, 5000, 1000, 5000,5.000000, 25000000000, 0.500000, 0.224803
32, 5000, 1000, 5000,5.000000, 25000000000, 0.500000, 0.228054
32, 5000, 1000, 5000,5.000000, 25000000000, 0.500000, 0.257177
32, 5000, 1000, 5000,5.000000, 25000000000, 0.500000, 0.214634
32, 5000, 1000, 5000,5.000000, 25000000000, 0.500000, 0.213910
32, 5000, 1000, 5000,5.000000, 25000000000, 0.500000, 0.216750
32, 5000, 1000, 5000,5.000000, 25000000000, 0.750000, 0.214463
32, 5000, 1000, 5000,5.000000, 25000000000, 0.750000, 0.215585
32, 5000, 1000, 5000,5.000000, 25000000000, 0.750000, 0.240844
32, 5000, 1000, 5000,5.000000, 25000000000, 0.750000, 0.258412
32, 5000, 1000, 5000,5.000000, 25000000000, 0.750000, 0.249319
32, 5000, 1000, 5000,5.000000, 25000000000, 0.750000, 0.239302
32, 5000, 1000, 5000,5.000000, 25000000000, 0.750000, 0.213155
32, 5000, 1000, 5000,5.000000, 25000000000, 0.750000, 0.249827
32, 5000, 1000, 5000,5.000000, 25000000000, 0.750000, 0.254843
32, 5000, 1000, 5000,5.000000, 25000000000, 0.750000, 0.247896
32, 5000, 1000, 5000,5.000000, 25000000000, 1.000000, 0.251841
32, 5000, 1000, 5000,5.000000, 25000000000, 1.000000, 0.247856
32, 5000, 1000, 5000,5.000000, 25000000000, 1.000000, 0.250830
32, 5000, 1000, 5000,5.000000, 25000000000, 1.000000, 0.255008
32, 5000, 1000, 5000,5.000000, 25000000000, 1.000000, 0.214557
32, 5000, 1000, 5000,5.000000, 25000000000, 1.000000, 0.215061
32, 5000, 1000, 5000,5.000000, 25000000000, 1.000000, 0.250115
32, 5000, 1000, 5000,5.000000, 25000000000, 1.000000, 0.216820
32, 5000, 1000, 5000,5.000000, 25000000000, 1.000000, 0.254913
32, 5000, 1000, 5000,5.000000, 25000000000, 1.000000, 0.252692
32, 5000, 5000, 5000,1.000000, 125000000000, 0.250000, 1.028165
32, 5000, 5000, 5000,1.000000, 125000000000, 0.250000, 1.095408
32, 5000, 5000, 5000,1.000000, 125000000000, 0.250000, 1.107712
32, 5000, 5000, 5000,1.000000, 125000000000, 0.250000, 1.111137
32, 5000, 5000, 5000,1.000000, 125000000000, 0.250000, 1.071662
32, 5000, 5000, 5000,1.000000, 125000000000, 0.250000, 1.192836
32, 5000, 5000, 5000,1.000000, 125000000000, 0.250000, 1.277977
32, 5000, 5000, 5000,1.000000, 125000000000, 0.250000, 1.165850
32, 5000, 5000, 5000,1.000000, 125000000000, 0.250000, 1.127344
32, 5000, 5000, 5000,1.000000, 125000000000, 0.250000, 1.095473
32, 5000, 5000, 5000,1.000000, 125000000000, 0.250000, 1.175303
32, 5000, 5000, 5000,1.000000, 125000000000, 0.250000, 1.093311
32, 5000, 5000, 5000,1.000000, 125000000000, 0.250000, 1.165930
32, 5000, 5000, 5000,1.000000, 125000000000, 0.500000, 1.130731
32, 5000, 5000, 5000,1.000000, 125000000000, 0.500000, 1.061662
32, 5000, 5000, 5000,1.000000, 125000000000, 0.500000, 1.218807
32, 5000, 5000, 5000,1.000000, 125000000000, 0.500000, 1.204169
32, 5000, 5000, 5000,1.000000, 125000000000, 0.500000, 1.067496
32, 5000, 5000, 5000,1.000000, 125000000000, 0.500000, 1.062702
32, 5000, 5000, 5000,1.000000, 125000000000, 0.500000, 1.203104
32, 5000, 5000, 5000,1.000000, 125000000000, 0.500000, 1.296544
32, 5000, 5000, 5000,1.000000, 125000000000, 0.500000, 1.168917
32, 5000, 5000, 5000,1.000000, 125000000000, 0.500000, 1.111759
32, 5000, 5000, 5000,1.000000, 125000000000, 0.750000, 1.176247
32, 5000, 5000, 5000,1.000000, 125000000000, 0.750000, 1.100811
32, 5000, 5000, 5000,1.000000, 125000000000, 0.750000, 1.247317
32, 5000, 5000, 5000,1.000000, 125000000000, 0.750000, 1.186022
32, 5000, 5000, 5000,1.000000, 125000000000, 0.750000, 1.064287
32, 5000, 5000, 5000,1.000000, 125000000000, 0.750000, 1.185299
32, 5000, 5000, 5000,1.000000, 125000000000, 0.750000, 1.125908
32, 5000, 5000, 5000,1.000000, 125000000000, 0.750000, 1.071459
32, 5000, 5000, 5000,1.000000, 125000000000, 0.750000, 1.108717
32, 5000, 5000, 5000,1.000000, 125000000000, 0.750000, 1.083425
32, 5000, 5000, 5000,1.000000, 125000000000, 1.000000, 1.054737
32, 5000, 5000, 5000,1.000000, 125000000000, 1.000000, 1.196170
32, 5000, 5000, 5000,1.000000, 125000000000, 1.000000, 1.102220
32, 5000, 5000, 5000,1.000000, 125000000000, 1.000000, 1.081418
32, 5000, 5000, 5000,1.000000, 125000000000, 1.000000, 1.080302
32, 5000, 5000, 5000,1.000000, 125000000000, 1.000000, 1.219774
32, 5000, 5000, 5000,1.000000, 125000000000, 1.000000, 1.248599
32, 5000, 5000, 5000,1.000000, 125000000000, 1.000000, 1.062785
32, 5000, 5000, 5000,1.000000, 125000000000, 1.000000, 1.105580
32, 5000, 5000, 5000,1.000000, 125000000000, 1.000000, 1.071096